carbon_stock_ecosystems_id,pool,variable,unit,value,main_id,facility_group_id,source_id
carbon_stock-35d0dc71-1,agbc,area_ha,ha,49.315624,AB-MAIN-35d0dc71,,https://zenodo.org/records/15777016
carbon_stock-35d0dc71-2,agbc,mean_act,tC/ha,10.0,AB-MAIN-35d0dc71,,https://zenodo.org/records/15777016
carbon_stock-35d0dc71-3,agbc,mean_prim,tC/ha,36.0,AB-MAIN-35d0dc71,,https://zenodo.org/records/15777016
carbon_stock-35d0dc71-4,bgbc,area_ha,ha,49.315624,AB-MAIN-35d0dc71,,https://zenodo.org/records/15777016
carbon_stock-35d0dc71-5,bgbc,mean_act,tC/ha,3.0,AB-MAIN-35d0dc71,,https://zenodo.org/records/15777016
carbon_stock-35d0dc71-6,bgbc,mean_prim,tC/ha,10.0,AB-MAIN-35d0dc71,,https://zenodo.org/records/15777016
carbon_stock-35d0dc71-7,soc,area_ha,ha,49.315624,AB-MAIN-35d0dc71,,https://zenodo.org/records/15777016
carbon_stock-35d0dc71-8,soc,mean_act,tC/ha,69.0,AB-MAIN-35d0dc71,,https://zenodo.org/records/15777016
carbon_stock-35d0dc71-9,soc,mean_prim,tC/ha,78.0,AB-MAIN-35d0dc71,,https://zenodo.org/records/15777016
carbon_stock-63f096a6-1,agbc,area_ha,ha,44.858112,AB-MAIN-63f096a6,,https://zenodo.org/records/15777016
carbon_stock-63f096a6-2,agbc,mean_act,tC/ha,69.0,AB-MAIN-63f096a6,,https://zenodo.org/records/15777016
carbon_stock-63f096a6-3,agbc,mean_prim,tC/ha,69.0,AB-MAIN-63f096a6,,https://zenodo.org/records/15777016
carbon_stock-63f096a6-4,bgbc,area_ha,ha,44.858112,AB-MAIN-63f096a6,,https://zenodo.org/records/15777016
carbon_stock-63f096a6-5,bgbc,mean_act,tC/ha,22.0,AB-MAIN-63f096a6,,https://zenodo.org/records/15777016
carbon_stock-63f096a6-6,bgbc,mean_prim,tC/ha,22.0,AB-MAIN-63f096a6,,https://zenodo.org/records/15777016
carbon_stock-63f096a6-7,soc,area_ha,ha,44.858112,AB-MAIN-63f096a6,,https://zenodo.org/records/15777016
carbon_stock-63f096a6-8,soc,mean_act,tC/ha,71.0,AB-MAIN-63f096a6,,https://zenodo.org/records/15777016
carbon_stock-63f096a6-9,soc,mean_prim,tC/ha,75.0,AB-MAIN-63f096a6,,https://zenodo.org/records/15777016
carbon_stock-7d4a0421-1,agbc,area_ha,ha,53.1231,AB-MAIN-7d4a0421,,https://zenodo.org/records/15777016
carbon_stock-7d4a0421-2,agbc,mean_act,tC/ha,2.0,AB-MAIN-7d4a0421,,https://zenodo.org/records/15777016
carbon_stock-7d4a0421-3,agbc,mean_prim,tC/ha,49.0,AB-MAIN-7d4a0421,,https://zenodo.org/records/15777016
carbon_stock-7d4a0421-4,bgbc,area_ha,ha,53.1231,AB-MAIN-7d4a0421,,https://zenodo.org/records/15777016
carbon_stock-7d4a0421-5,bgbc,mean_act,tC/ha,1.0,AB-MAIN-7d4a0421,,https://zenodo.org/records/15777016
carbon_stock-7d4a0421-6,bgbc,mean_prim,tC/ha,13.0,AB-MAIN-7d4a0421,,https://zenodo.org/records/15777016
carbon_stock-7d4a0421-7,soc,area_ha,ha,53.1231,AB-MAIN-7d4a0421,,https://zenodo.org/records/15777016
carbon_stock-7d4a0421-8,soc,mean_act,tC/ha,93.0,AB-MAIN-7d4a0421,,https://zenodo.org/records/15777016
carbon_stock-7d4a0421-9,soc,mean_prim,tC/ha,93.0,AB-MAIN-7d4a0421,,https://zenodo.org/records/15777016
carbon_stock-8434dce0-1,agbc,area_ha,ha,53.96269,AB-MAIN-8434dce0,,https://zenodo.org/records/15777016
carbon_stock-8434dce0-2,agbc,mean_act,tC/ha,68.0,AB-MAIN-8434dce0,,https://zenodo.org/records/15777016
carbon_stock-8434dce0-3,agbc,mean_prim,tC/ha,68.0,AB-MAIN-8434dce0,,https://zenodo.org/records/15777016
carbon_stock-8434dce0-4,bgbc,area_ha,ha,53.96269,AB-MAIN-8434dce0,,https://zenodo.org/records/15777016
carbon_stock-8434dce0-5,bgbc,mean_act,tC/ha,22.0,AB-MAIN-8434dce0,,https://zenodo.org/records/15777016
carbon_stock-8434dce0-6,bgbc,mean_prim,tC/ha,22.0,AB-MAIN-8434dce0,,https://zenodo.org/records/15777016
carbon_stock-8434dce0-7,soc,area_ha,ha,53.96269,AB-MAIN-8434dce0,,https://zenodo.org/records/15777016
carbon_stock-8434dce0-8,soc,mean_act,tC/ha,68.0,AB-MAIN-8434dce0,,https://zenodo.org/records/15777016
carbon_stock-8434dce0-9,soc,mean_prim,tC/ha,68.0,AB-MAIN-8434dce0,,https://zenodo.org/records/15777016
carbon_stock-9a0307f6-1,agbc,area_ha,ha,45.897076,AB-MAIN-9a0307f6,,https://zenodo.org/records/15777016
carbon_stock-9a0307f6-2,agbc,mean_act,tC/ha,47.0,AB-MAIN-9a0307f6,,https://zenodo.org/records/15777016
carbon_stock-9a0307f6-3,agbc,mean_prim,tC/ha,47.0,AB-MAIN-9a0307f6,,https://zenodo.org/records/15777016
carbon_stock-9a0307f6-4,bgbc,area_ha,ha,45.897076,AB-MAIN-9a0307f6,,https://zenodo.org/records/15777016
carbon_stock-9a0307f6-5,bgbc,mean_act,tC/ha,12.0,AB-MAIN-9a0307f6,,https://zenodo.org/records/15777016
carbon_stock-9a0307f6-6,bgbc,mean_prim,tC/ha,12.0,AB-MAIN-9a0307f6,,https://zenodo.org/records/15777016
carbon_stock-9a0307f6-7,soc,area_ha,ha,45.897076,AB-MAIN-9a0307f6,,https://zenodo.org/records/15777016
carbon_stock-9a0307f6-8,soc,mean_act,tC/ha,59.0,AB-MAIN-9a0307f6,,https://zenodo.org/records/15777016
carbon_stock-9a0307f6-9,soc,mean_prim,tC/ha,69.0,AB-MAIN-9a0307f6,,https://zenodo.org/records/15777016
carbon_stock-9fed34a8-1,agbc,area_ha,ha,51.078453,AB-MAIN-9fed34a8,,https://zenodo.org/records/15777016
carbon_stock-9fed34a8-2,agbc,mean_act,tC/ha,3.0,AB-MAIN-9fed34a8,,https://zenodo.org/records/15777016
carbon_stock-9fed34a8-3,agbc,mean_prim,tC/ha,46.0,AB-MAIN-9fed34a8,,https://zenodo.org/records/15777016
carbon_stock-9fed34a8-4,bgbc,area_ha,ha,51.078453,AB-MAIN-9fed34a8,,https://zenodo.org/records/15777016
carbon_stock-9fed34a8-5,bgbc,mean_act,tC/ha,1.0,AB-MAIN-9fed34a8,,https://zenodo.org/records/15777016
carbon_stock-9fed34a8-6,bgbc,mean_prim,tC/ha,13.0,AB-MAIN-9fed34a8,,https://zenodo.org/records/15777016
carbon_stock-9fed34a8-7,soc,area_ha,ha,51.078453,AB-MAIN-9fed34a8,,https://zenodo.org/records/15777016
carbon_stock-9fed34a8-8,soc,mean_act,tC/ha,90.0,AB-MAIN-9fed34a8,,https://zenodo.org/records/15777016
carbon_stock-9fed34a8-9,soc,mean_prim,tC/ha,90.0,AB-MAIN-9fed34a8,,https://zenodo.org/records/15777016
carbon_stock-ca9625ce-1,agbc,area_ha,ha,50.716377,AB-MAIN-ca9625ce,,https://zenodo.org/records/15777016
carbon_stock-ca9625ce-2,agbc,mean_act,tC/ha,6.0,AB-MAIN-ca9625ce,,https://zenodo.org/records/15777016
carbon_stock-ca9625ce-3,agbc,mean_prim,tC/ha,44.0,AB-MAIN-ca9625ce,,https://zenodo.org/records/15777016
carbon_stock-ca9625ce-4,bgbc,area_ha,ha,50.716377,AB-MAIN-ca9625ce,,https://zenodo.org/records/15777016
carbon_stock-ca9625ce-5,bgbc,mean_act,tC/ha,2.0,AB-MAIN-ca9625ce,,https://zenodo.org/records/15777016
carbon_stock-ca9625ce-6,bgbc,mean_prim,tC/ha,12.0,AB-MAIN-ca9625ce,,https://zenodo.org/records/15777016
carbon_stock-ca9625ce-7,soc,area_ha,ha,50.716377,AB-MAIN-ca9625ce,,https://zenodo.org/records/15777016
carbon_stock-ca9625ce-8,soc,mean_act,tC/ha,88.0,AB-MAIN-ca9625ce,,https://zenodo.org/records/15777016
carbon_stock-ca9625ce-9,soc,mean_prim,tC/ha,88.0,AB-MAIN-ca9625ce,,https://zenodo.org/records/15777016
carbon_stock-d3a4aba9-1,agbc,area_ha,ha,50.807026,AB-MAIN-d3a4aba9,,https://zenodo.org/records/15777016
carbon_stock-d3a4aba9-2,agbc,mean_act,tC/ha,2.0,AB-MAIN-d3a4aba9,,https://zenodo.org/records/15777016
carbon_stock-d3a4aba9-3,agbc,mean_prim,tC/ha,50.0,AB-MAIN-d3a4aba9,,https://zenodo.org/records/15777016
carbon_stock-d3a4aba9-4,bgbc,area_ha,ha,50.807026,AB-MAIN-d3a4aba9,,https://zenodo.org/records/15777016
carbon_stock-d3a4aba9-5,bgbc,mean_act,tC/ha,1.0,AB-MAIN-d3a4aba9,,https://zenodo.org/records/15777016
carbon_stock-d3a4aba9-6,bgbc,mean_prim,tC/ha,13.0,AB-MAIN-d3a4aba9,,https://zenodo.org/records/15777016
carbon_stock-d3a4aba9-7,soc,area_ha,ha,50.807026,AB-MAIN-d3a4aba9,,https://zenodo.org/records/15777016
carbon_stock-d3a4aba9-8,soc,mean_act,tC/ha,95.0,AB-MAIN-d3a4aba9,,https://zenodo.org/records/15777016
carbon_stock-d3a4aba9-9,soc,mean_prim,tC/ha,95.0,AB-MAIN-d3a4aba9,,https://zenodo.org/records/15777016
carbon_stock-116ae608-1,agbc,area_ha,ha,53.7,BC-MAIN-116ae608,,https://zenodo.org/records/15777016
carbon_stock-116ae608-2,agbc,mean_act,tC/ha,97.0,BC-MAIN-116ae608,,https://zenodo.org/records/15777016
carbon_stock-116ae608-3,agbc,mean_prim,tC/ha,97.0,BC-MAIN-116ae608,,https://zenodo.org/records/15777016
carbon_stock-116ae608-4,bgbc,area_ha,ha,53.7,BC-MAIN-116ae608,,https://zenodo.org/records/15777016
carbon_stock-116ae608-5,bgbc,mean_act,tC/ha,23.0,BC-MAIN-116ae608,,https://zenodo.org/records/15777016
carbon_stock-116ae608-6,bgbc,mean_prim,tC/ha,24.0,BC-MAIN-116ae608,,https://zenodo.org/records/15777016
carbon_stock-116ae608-7,soc,area_ha,ha,53.7,BC-MAIN-116ae608,,https://zenodo.org/records/15777016
carbon_stock-116ae608-8,soc,mean_act,tC/ha,85.0,BC-MAIN-116ae608,,https://zenodo.org/records/15777016
carbon_stock-116ae608-9,soc,mean_prim,tC/ha,86.0,BC-MAIN-116ae608,,https://zenodo.org/records/15777016
carbon_stock-12730593-1,agbc,area_ha,ha,45.23023,BC-MAIN-12730593,,https://zenodo.org/records/15777016
carbon_stock-12730593-2,agbc,mean_act,tC/ha,40.0,BC-MAIN-12730593,,https://zenodo.org/records/15777016
carbon_stock-12730593-3,agbc,mean_prim,tC/ha,40.0,BC-MAIN-12730593,,https://zenodo.org/records/15777016
carbon_stock-12730593-4,bgbc,area_ha,ha,45.23023,BC-MAIN-12730593,,https://zenodo.org/records/15777016
carbon_stock-12730593-5,bgbc,mean_act,tC/ha,10.0,BC-MAIN-12730593,,https://zenodo.org/records/15777016
carbon_stock-12730593-6,bgbc,mean_prim,tC/ha,10.0,BC-MAIN-12730593,,https://zenodo.org/records/15777016
carbon_stock-12730593-7,soc,area_ha,ha,45.23023,BC-MAIN-12730593,,https://zenodo.org/records/15777016
carbon_stock-12730593-8,soc,mean_act,tC/ha,75.0,BC-MAIN-12730593,,https://zenodo.org/records/15777016
carbon_stock-12730593-9,soc,mean_prim,tC/ha,75.0,BC-MAIN-12730593,,https://zenodo.org/records/15777016
carbon_stock-18bed6d7-1,agbc,area_ha,ha,53.42671,BC-MAIN-18bed6d7,,https://zenodo.org/records/15777016
carbon_stock-18bed6d7-2,agbc,mean_act,tC/ha,92.0,BC-MAIN-18bed6d7,,https://zenodo.org/records/15777016
carbon_stock-18bed6d7-3,agbc,mean_prim,tC/ha,92.0,BC-MAIN-18bed6d7,,https://zenodo.org/records/15777016
carbon_stock-18bed6d7-4,bgbc,area_ha,ha,53.42671,BC-MAIN-18bed6d7,,https://zenodo.org/records/15777016
carbon_stock-18bed6d7-5,bgbc,mean_act,tC/ha,24.0,BC-MAIN-18bed6d7,,https://zenodo.org/records/15777016
carbon_stock-18bed6d7-6,bgbc,mean_prim,tC/ha,24.0,BC-MAIN-18bed6d7,,https://zenodo.org/records/15777016
carbon_stock-18bed6d7-7,soc,area_ha,ha,53.42671,BC-MAIN-18bed6d7,,https://zenodo.org/records/15777016
carbon_stock-18bed6d7-8,soc,mean_act,tC/ha,86.0,BC-MAIN-18bed6d7,,https://zenodo.org/records/15777016
carbon_stock-18bed6d7-9,soc,mean_prim,tC/ha,86.0,BC-MAIN-18bed6d7,,https://zenodo.org/records/15777016
carbon_stock-193ddddb-1,agbc,area_ha,ha,46.29744,BC-MAIN-193ddddb,,https://zenodo.org/records/15777016
carbon_stock-193ddddb-2,agbc,mean_act,tC/ha,40.0,BC-MAIN-193ddddb,,https://zenodo.org/records/15777016
carbon_stock-193ddddb-3,agbc,mean_prim,tC/ha,53.0,BC-MAIN-193ddddb,,https://zenodo.org/records/15777016
carbon_stock-193ddddb-4,bgbc,area_ha,ha,46.29744,BC-MAIN-193ddddb,,https://zenodo.org/records/15777016
carbon_stock-193ddddb-5,bgbc,mean_act,tC/ha,11.0,BC-MAIN-193ddddb,,https://zenodo.org/records/15777016
carbon_stock-193ddddb-6,bgbc,mean_prim,tC/ha,17.0,BC-MAIN-193ddddb,,https://zenodo.org/records/15777016
carbon_stock-193ddddb-7,soc,area_ha,ha,46.29744,BC-MAIN-193ddddb,,https://zenodo.org/records/15777016
carbon_stock-193ddddb-8,soc,mean_act,tC/ha,76.0,BC-MAIN-193ddddb,,https://zenodo.org/records/15777016
carbon_stock-193ddddb-9,soc,mean_prim,tC/ha,79.0,BC-MAIN-193ddddb,,https://zenodo.org/records/15777016
carbon_stock-23155c25-1,agbc,area_ha,ha,55.682976,BC-MAIN-23155c25,,https://zenodo.org/records/15777016
carbon_stock-23155c25-2,agbc,mean_act,tC/ha,64.0,BC-MAIN-23155c25,,https://zenodo.org/records/15777016
carbon_stock-23155c25-3,agbc,mean_prim,tC/ha,119.0,BC-MAIN-23155c25,,https://zenodo.org/records/15777016
carbon_stock-23155c25-4,bgbc,area_ha,ha,55.682976,BC-MAIN-23155c25,,https://zenodo.org/records/15777016
carbon_stock-23155c25-5,bgbc,mean_act,tC/ha,16.0,BC-MAIN-23155c25,,https://zenodo.org/records/15777016
carbon_stock-23155c25-6,bgbc,mean_prim,tC/ha,29.0,BC-MAIN-23155c25,,https://zenodo.org/records/15777016
carbon_stock-23155c25-7,soc,area_ha,ha,55.682976,BC-MAIN-23155c25,,https://zenodo.org/records/15777016
carbon_stock-23155c25-8,soc,mean_act,tC/ha,102.0,BC-MAIN-23155c25,,https://zenodo.org/records/15777016
carbon_stock-23155c25-9,soc,mean_prim,tC/ha,102.0,BC-MAIN-23155c25,,https://zenodo.org/records/15777016
carbon_stock-23f67ea8-1,agbc,area_ha,ha,47.458786,BC-MAIN-23f67ea8,,https://zenodo.org/records/15777016
carbon_stock-23f67ea8-2,agbc,mean_act,tC/ha,76.0,BC-MAIN-23f67ea8,,https://zenodo.org/records/15777016
carbon_stock-23f67ea8-3,agbc,mean_prim,tC/ha,76.0,BC-MAIN-23f67ea8,,https://zenodo.org/records/15777016
carbon_stock-23f67ea8-4,bgbc,area_ha,ha,47.458786,BC-MAIN-23f67ea8,,https://zenodo.org/records/15777016
carbon_stock-23f67ea8-5,bgbc,mean_act,tC/ha,15.0,BC-MAIN-23f67ea8,,https://zenodo.org/records/15777016
carbon_stock-23f67ea8-6,bgbc,mean_prim,tC/ha,17.0,BC-MAIN-23f67ea8,,https://zenodo.org/records/15777016
carbon_stock-23f67ea8-7,soc,area_ha,ha,47.458786,BC-MAIN-23f67ea8,,https://zenodo.org/records/15777016
carbon_stock-23f67ea8-8,soc,mean_act,tC/ha,71.0,BC-MAIN-23f67ea8,,https://zenodo.org/records/15777016
carbon_stock-23f67ea8-9,soc,mean_prim,tC/ha,71.0,BC-MAIN-23f67ea8,,https://zenodo.org/records/15777016
carbon_stock-265a57f6-1,agbc,area_ha,ha,48.741505,BC-MAIN-265a57f6,,https://zenodo.org/records/15777016
carbon_stock-265a57f6-2,agbc,mean_act,tC/ha,66.0,BC-MAIN-265a57f6,,https://zenodo.org/records/15777016
carbon_stock-265a57f6-3,agbc,mean_prim,tC/ha,66.0,BC-MAIN-265a57f6,,https://zenodo.org/records/15777016
carbon_stock-265a57f6-4,bgbc,area_ha,ha,48.741505,BC-MAIN-265a57f6,,https://zenodo.org/records/15777016
carbon_stock-265a57f6-5,bgbc,mean_act,tC/ha,15.0,BC-MAIN-265a57f6,,https://zenodo.org/records/15777016
carbon_stock-265a57f6-6,bgbc,mean_prim,tC/ha,15.0,BC-MAIN-265a57f6,,https://zenodo.org/records/15777016
carbon_stock-265a57f6-7,soc,area_ha,ha,48.741505,BC-MAIN-265a57f6,,https://zenodo.org/records/15777016
carbon_stock-265a57f6-8,soc,mean_act,tC/ha,60.0,BC-MAIN-265a57f6,,https://zenodo.org/records/15777016
carbon_stock-265a57f6-9,soc,mean_prim,tC/ha,62.0,BC-MAIN-265a57f6,,https://zenodo.org/records/15777016
carbon_stock-382acb18-1,agbc,area_ha,ha,49.825466,BC-MAIN-382acb18,,https://zenodo.org/records/15777016
carbon_stock-382acb18-2,agbc,mean_act,tC/ha,99.0,BC-MAIN-382acb18,,https://zenodo.org/records/15777016
carbon_stock-382acb18-3,agbc,mean_prim,tC/ha,105.0,BC-MAIN-382acb18,,https://zenodo.org/records/15777016
carbon_stock-382acb18-4,bgbc,area_ha,ha,49.825466,BC-MAIN-382acb18,,https://zenodo.org/records/15777016
carbon_stock-382acb18-5,bgbc,mean_act,tC/ha,21.0,BC-MAIN-382acb18,,https://zenodo.org/records/15777016
carbon_stock-382acb18-6,bgbc,mean_prim,tC/ha,25.0,BC-MAIN-382acb18,,https://zenodo.org/records/15777016
carbon_stock-382acb18-7,soc,area_ha,ha,49.825466,BC-MAIN-382acb18,,https://zenodo.org/records/15777016
carbon_stock-382acb18-8,soc,mean_act,tC/ha,63.0,BC-MAIN-382acb18,,https://zenodo.org/records/15777016
carbon_stock-382acb18-9,soc,mean_prim,tC/ha,66.0,BC-MAIN-382acb18,,https://zenodo.org/records/15777016
carbon_stock-3bb6b7cd-1,agbc,area_ha,ha,56.22291,BC-MAIN-3bb6b7cd,,https://zenodo.org/records/15777016
carbon_stock-3bb6b7cd-2,agbc,mean_act,tC/ha,28.0,BC-MAIN-3bb6b7cd,,https://zenodo.org/records/15777016
carbon_stock-3bb6b7cd-3,agbc,mean_prim,tC/ha,62.0,BC-MAIN-3bb6b7cd,,https://zenodo.org/records/15777016
carbon_stock-3bb6b7cd-4,bgbc,area_ha,ha,56.22291,BC-MAIN-3bb6b7cd,,https://zenodo.org/records/15777016
carbon_stock-3bb6b7cd-5,bgbc,mean_act,tC/ha,7.0,BC-MAIN-3bb6b7cd,,https://zenodo.org/records/15777016
carbon_stock-3bb6b7cd-6,bgbc,mean_prim,tC/ha,18.0,BC-MAIN-3bb6b7cd,,https://zenodo.org/records/15777016
carbon_stock-3bb6b7cd-7,soc,area_ha,ha,56.22291,BC-MAIN-3bb6b7cd,,https://zenodo.org/records/15777016
carbon_stock-3bb6b7cd-8,soc,mean_act,tC/ha,55.0,BC-MAIN-3bb6b7cd,,https://zenodo.org/records/15777016
carbon_stock-3bb6b7cd-9,soc,mean_prim,tC/ha,55.0,BC-MAIN-3bb6b7cd,,https://zenodo.org/records/15777016
carbon_stock-3ef4f421-1,agbc,area_ha,ha,48.73122,BC-MAIN-3ef4f421,,https://zenodo.org/records/15777016
carbon_stock-3ef4f421-2,agbc,mean_act,tC/ha,52.0,BC-MAIN-3ef4f421,,https://zenodo.org/records/15777016
carbon_stock-3ef4f421-3,agbc,mean_prim,tC/ha,86.0,BC-MAIN-3ef4f421,,https://zenodo.org/records/15777016
carbon_stock-3ef4f421-4,bgbc,area_ha,ha,48.73122,BC-MAIN-3ef4f421,,https://zenodo.org/records/15777016
carbon_stock-3ef4f421-5,bgbc,mean_act,tC/ha,13.0,BC-MAIN-3ef4f421,,https://zenodo.org/records/15777016
carbon_stock-3ef4f421-6,bgbc,mean_prim,tC/ha,23.0,BC-MAIN-3ef4f421,,https://zenodo.org/records/15777016
carbon_stock-3ef4f421-7,soc,area_ha,ha,48.73122,BC-MAIN-3ef4f421,,https://zenodo.org/records/15777016
carbon_stock-3ef4f421-8,soc,mean_act,tC/ha,88.0,BC-MAIN-3ef4f421,,https://zenodo.org/records/15777016
carbon_stock-3ef4f421-9,soc,mean_prim,tC/ha,93.0,BC-MAIN-3ef4f421,,https://zenodo.org/records/15777016
carbon_stock-3f490561-1,agbc,area_ha,ha,52.21574,BC-MAIN-3f490561,,https://zenodo.org/records/15777016
carbon_stock-3f490561-2,agbc,mean_act,tC/ha,26.0,BC-MAIN-3f490561,,https://zenodo.org/records/15777016
carbon_stock-3f490561-3,agbc,mean_prim,tC/ha,65.0,BC-MAIN-3f490561,,https://zenodo.org/records/15777016
carbon_stock-3f490561-4,bgbc,area_ha,ha,52.21574,BC-MAIN-3f490561,,https://zenodo.org/records/15777016
carbon_stock-3f490561-5,bgbc,mean_act,tC/ha,10.0,BC-MAIN-3f490561,,https://zenodo.org/records/15777016
carbon_stock-3f490561-6,bgbc,mean_prim,tC/ha,15.0,BC-MAIN-3f490561,,https://zenodo.org/records/15777016
carbon_stock-3f490561-7,soc,area_ha,ha,52.21574,BC-MAIN-3f490561,,https://zenodo.org/records/15777016
carbon_stock-3f490561-8,soc,mean_act,tC/ha,61.0,BC-MAIN-3f490561,,https://zenodo.org/records/15777016
carbon_stock-3f490561-9,soc,mean_prim,tC/ha,62.0,BC-MAIN-3f490561,,https://zenodo.org/records/15777016
carbon_stock-4724f4ba-1,agbc,area_ha,ha,55.359085,BC-MAIN-4724f4ba,,https://zenodo.org/records/15777016
carbon_stock-4724f4ba-2,agbc,mean_act,tC/ha,21.0,BC-MAIN-4724f4ba,,https://zenodo.org/records/15777016
carbon_stock-4724f4ba-3,agbc,mean_prim,tC/ha,57.0,BC-MAIN-4724f4ba,,https://zenodo.org/records/15777016
carbon_stock-4724f4ba-4,bgbc,area_ha,ha,55.359085,BC-MAIN-4724f4ba,,https://zenodo.org/records/15777016
carbon_stock-4724f4ba-5,bgbc,mean_act,tC/ha,5.0,BC-MAIN-4724f4ba,,https://zenodo.org/records/15777016
carbon_stock-4724f4ba-6,bgbc,mean_prim,tC/ha,15.0,BC-MAIN-4724f4ba,,https://zenodo.org/records/15777016
carbon_stock-4724f4ba-7,soc,area_ha,ha,55.359085,BC-MAIN-4724f4ba,,https://zenodo.org/records/15777016
carbon_stock-4724f4ba-8,soc,mean_act,tC/ha,48.0,BC-MAIN-4724f4ba,,https://zenodo.org/records/15777016
carbon_stock-4724f4ba-9,soc,mean_prim,tC/ha,55.0,BC-MAIN-4724f4ba,,https://zenodo.org/records/15777016
carbon_stock-4959ea63-1,agbc,area_ha,ha,47.43797,BC-MAIN-4959ea63,,https://zenodo.org/records/15777016
carbon_stock-4959ea63-2,agbc,mean_act,tC/ha,31.0,BC-MAIN-4959ea63,,https://zenodo.org/records/15777016
carbon_stock-4959ea63-3,agbc,mean_prim,tC/ha,31.0,BC-MAIN-4959ea63,,https://zenodo.org/records/15777016
carbon_stock-4959ea63-4,bgbc,area_ha,ha,47.43797,BC-MAIN-4959ea63,,https://zenodo.org/records/15777016
carbon_stock-4959ea63-5,bgbc,mean_act,tC/ha,7.0,BC-MAIN-4959ea63,,https://zenodo.org/records/15777016
carbon_stock-4959ea63-6,bgbc,mean_prim,tC/ha,11.0,BC-MAIN-4959ea63,,https://zenodo.org/records/15777016
carbon_stock-4959ea63-7,soc,area_ha,ha,47.43797,BC-MAIN-4959ea63,,https://zenodo.org/records/15777016
carbon_stock-4959ea63-8,soc,mean_act,tC/ha,71.0,BC-MAIN-4959ea63,,https://zenodo.org/records/15777016
carbon_stock-4959ea63-9,soc,mean_prim,tC/ha,84.0,BC-MAIN-4959ea63,,https://zenodo.org/records/15777016
carbon_stock-51068f3b-1,agbc,area_ha,ha,48.319115,BC-MAIN-51068f3b,,https://zenodo.org/records/15777016
carbon_stock-51068f3b-2,agbc,mean_act,tC/ha,42.0,BC-MAIN-51068f3b,,https://zenodo.org/records/15777016
carbon_stock-51068f3b-3,agbc,mean_prim,tC/ha,42.0,BC-MAIN-51068f3b,,https://zenodo.org/records/15777016
carbon_stock-51068f3b-4,bgbc,area_ha,ha,48.319115,BC-MAIN-51068f3b,,https://zenodo.org/records/15777016
carbon_stock-51068f3b-5,bgbc,mean_act,tC/ha,20.0,BC-MAIN-51068f3b,,https://zenodo.org/records/15777016
carbon_stock-51068f3b-6,bgbc,mean_prim,tC/ha,20.0,BC-MAIN-51068f3b,,https://zenodo.org/records/15777016
carbon_stock-51068f3b-7,soc,area_ha,ha,48.319115,BC-MAIN-51068f3b,,https://zenodo.org/records/15777016
carbon_stock-51068f3b-8,soc,mean_act,tC/ha,67.0,BC-MAIN-51068f3b,,https://zenodo.org/records/15777016
carbon_stock-51068f3b-9,soc,mean_prim,tC/ha,84.0,BC-MAIN-51068f3b,,https://zenodo.org/records/15777016
carbon_stock-599152a0-1,agbc,area_ha,ha,55.95816,BC-MAIN-599152a0,,https://zenodo.org/records/15777016
carbon_stock-599152a0-2,agbc,mean_act,tC/ha,15.0,BC-MAIN-599152a0,,https://zenodo.org/records/15777016
carbon_stock-599152a0-3,agbc,mean_prim,tC/ha,50.0,BC-MAIN-599152a0,,https://zenodo.org/records/15777016
carbon_stock-599152a0-4,bgbc,area_ha,ha,55.95816,BC-MAIN-599152a0,,https://zenodo.org/records/15777016
carbon_stock-599152a0-5,bgbc,mean_act,tC/ha,6.0,BC-MAIN-599152a0,,https://zenodo.org/records/15777016
carbon_stock-599152a0-6,bgbc,mean_prim,tC/ha,14.0,BC-MAIN-599152a0,,https://zenodo.org/records/15777016
carbon_stock-599152a0-7,soc,area_ha,ha,55.95816,BC-MAIN-599152a0,,https://zenodo.org/records/15777016
carbon_stock-599152a0-8,soc,mean_act,tC/ha,46.0,BC-MAIN-599152a0,,https://zenodo.org/records/15777016
carbon_stock-599152a0-9,soc,mean_prim,tC/ha,54.0,BC-MAIN-599152a0,,https://zenodo.org/records/15777016
carbon_stock-6b4800fe-1,agbc,area_ha,ha,52.235565,BC-MAIN-6b4800fe,,https://zenodo.org/records/15777016
carbon_stock-6b4800fe-2,agbc,mean_act,tC/ha,23.0,BC-MAIN-6b4800fe,,https://zenodo.org/records/15777016
carbon_stock-6b4800fe-3,agbc,mean_prim,tC/ha,58.0,BC-MAIN-6b4800fe,,https://zenodo.org/records/15777016
carbon_stock-6b4800fe-4,bgbc,area_ha,ha,52.235565,BC-MAIN-6b4800fe,,https://zenodo.org/records/15777016
carbon_stock-6b4800fe-5,bgbc,mean_act,tC/ha,5.0,BC-MAIN-6b4800fe,,https://zenodo.org/records/15777016
carbon_stock-6b4800fe-6,bgbc,mean_prim,tC/ha,15.0,BC-MAIN-6b4800fe,,https://zenodo.org/records/15777016
carbon_stock-6b4800fe-7,soc,area_ha,ha,52.235565,BC-MAIN-6b4800fe,,https://zenodo.org/records/15777016
carbon_stock-6b4800fe-8,soc,mean_act,tC/ha,50.0,BC-MAIN-6b4800fe,,https://zenodo.org/records/15777016
carbon_stock-6b4800fe-9,soc,mean_prim,tC/ha,52.0,BC-MAIN-6b4800fe,,https://zenodo.org/records/15777016
carbon_stock-6fbdcf4c-1,agbc,area_ha,ha,54.408314,BC-MAIN-6fbdcf4c,,https://zenodo.org/records/15777016
carbon_stock-6fbdcf4c-2,agbc,mean_act,tC/ha,77.0,BC-MAIN-6fbdcf4c,,https://zenodo.org/records/15777016
carbon_stock-6fbdcf4c-3,agbc,mean_prim,tC/ha,92.0,BC-MAIN-6fbdcf4c,,https://zenodo.org/records/15777016
carbon_stock-6fbdcf4c-4,bgbc,area_ha,ha,54.408314,BC-MAIN-6fbdcf4c,,https://zenodo.org/records/15777016
carbon_stock-6fbdcf4c-5,bgbc,mean_act,tC/ha,19.0,BC-MAIN-6fbdcf4c,,https://zenodo.org/records/15777016
carbon_stock-6fbdcf4c-6,bgbc,mean_prim,tC/ha,23.0,BC-MAIN-6fbdcf4c,,https://zenodo.org/records/15777016
carbon_stock-6fbdcf4c-7,soc,area_ha,ha,54.408314,BC-MAIN-6fbdcf4c,,https://zenodo.org/records/15777016
carbon_stock-6fbdcf4c-8,soc,mean_act,tC/ha,131.0,BC-MAIN-6fbdcf4c,,https://zenodo.org/records/15777016
carbon_stock-6fbdcf4c-9,soc,mean_prim,tC/ha,131.0,BC-MAIN-6fbdcf4c,,https://zenodo.org/records/15777016
carbon_stock-857b7b89-1,agbc,area_ha,ha,47.41715,BC-MAIN-857b7b89,,https://zenodo.org/records/15777016
carbon_stock-857b7b89-2,agbc,mean_act,tC/ha,11.0,BC-MAIN-857b7b89,,https://zenodo.org/records/15777016
carbon_stock-857b7b89-3,agbc,mean_prim,tC/ha,12.0,BC-MAIN-857b7b89,,https://zenodo.org/records/15777016
carbon_stock-857b7b89-4,bgbc,area_ha,ha,47.41715,BC-MAIN-857b7b89,,https://zenodo.org/records/15777016
carbon_stock-857b7b89-5,bgbc,mean_act,tC/ha,3.0,BC-MAIN-857b7b89,,https://zenodo.org/records/15777016
carbon_stock-857b7b89-6,bgbc,mean_prim,tC/ha,5.0,BC-MAIN-857b7b89,,https://zenodo.org/records/15777016
carbon_stock-857b7b89-7,soc,area_ha,ha,47.41715,BC-MAIN-857b7b89,,https://zenodo.org/records/15777016
carbon_stock-857b7b89-8,soc,mean_act,tC/ha,89.0,BC-MAIN-857b7b89,,https://zenodo.org/records/15777016
carbon_stock-857b7b89-9,soc,mean_prim,tC/ha,89.0,BC-MAIN-857b7b89,,https://zenodo.org/records/15777016
carbon_stock-891d3cb5-1,agbc,area_ha,ha,46.286922,BC-MAIN-891d3cb5,,https://zenodo.org/records/15777016
carbon_stock-891d3cb5-2,agbc,mean_act,tC/ha,63.0,BC-MAIN-891d3cb5,,https://zenodo.org/records/15777016
carbon_stock-891d3cb5-3,agbc,mean_prim,tC/ha,63.0,BC-MAIN-891d3cb5,,https://zenodo.org/records/15777016
carbon_stock-891d3cb5-4,bgbc,area_ha,ha,46.286922,BC-MAIN-891d3cb5,,https://zenodo.org/records/15777016
carbon_stock-891d3cb5-5,bgbc,mean_act,tC/ha,16.0,BC-MAIN-891d3cb5,,https://zenodo.org/records/15777016
carbon_stock-891d3cb5-6,bgbc,mean_prim,tC/ha,17.0,BC-MAIN-891d3cb5,,https://zenodo.org/records/15777016
carbon_stock-891d3cb5-7,soc,area_ha,ha,46.286922,BC-MAIN-891d3cb5,,https://zenodo.org/records/15777016
carbon_stock-891d3cb5-8,soc,mean_act,tC/ha,77.0,BC-MAIN-891d3cb5,,https://zenodo.org/records/15777016
carbon_stock-891d3cb5-9,soc,mean_prim,tC/ha,77.0,BC-MAIN-891d3cb5,,https://zenodo.org/records/15777016
carbon_stock-8eb8be0d-1,agbc,area_ha,ha,45.875965,BC-MAIN-8eb8be0d,,https://zenodo.org/records/15777016
carbon_stock-8eb8be0d-2,agbc,mean_act,tC/ha,41.0,BC-MAIN-8eb8be0d,,https://zenodo.org/records/15777016
carbon_stock-8eb8be0d-3,agbc,mean_prim,tC/ha,52.0,BC-MAIN-8eb8be0d,,https://zenodo.org/records/15777016
carbon_stock-8eb8be0d-4,bgbc,area_ha,ha,45.875965,BC-MAIN-8eb8be0d,,https://zenodo.org/records/15777016
carbon_stock-8eb8be0d-5,bgbc,mean_act,tC/ha,12.0,BC-MAIN-8eb8be0d,,https://zenodo.org/records/15777016
carbon_stock-8eb8be0d-6,bgbc,mean_prim,tC/ha,15.0,BC-MAIN-8eb8be0d,,https://zenodo.org/records/15777016
carbon_stock-8eb8be0d-7,soc,area_ha,ha,45.875965,BC-MAIN-8eb8be0d,,https://zenodo.org/records/15777016
carbon_stock-8eb8be0d-8,soc,mean_act,tC/ha,85.0,BC-MAIN-8eb8be0d,,https://zenodo.org/records/15777016
carbon_stock-8eb8be0d-9,soc,mean_prim,tC/ha,85.0,BC-MAIN-8eb8be0d,,https://zenodo.org/records/15777016
carbon_stock-a505d25d-1,agbc,area_ha,ha,50.9177,BC-MAIN-a505d25d,,https://zenodo.org/records/15777016
carbon_stock-a505d25d-2,agbc,mean_act,tC/ha,81.0,BC-MAIN-a505d25d,,https://zenodo.org/records/15777016
carbon_stock-a505d25d-3,agbc,mean_prim,tC/ha,81.0,BC-MAIN-a505d25d,,https://zenodo.org/records/15777016
carbon_stock-a505d25d-4,bgbc,area_ha,ha,50.9177,BC-MAIN-a505d25d,,https://zenodo.org/records/15777016
carbon_stock-a505d25d-5,bgbc,mean_act,tC/ha,18.0,BC-MAIN-a505d25d,,https://zenodo.org/records/15777016
carbon_stock-a505d25d-6,bgbc,mean_prim,tC/ha,20.0,BC-MAIN-a505d25d,,https://zenodo.org/records/15777016
carbon_stock-a505d25d-7,soc,area_ha,ha,50.9177,BC-MAIN-a505d25d,,https://zenodo.org/records/15777016
carbon_stock-a505d25d-8,soc,mean_act,tC/ha,72.0,BC-MAIN-a505d25d,,https://zenodo.org/records/15777016
carbon_stock-a505d25d-9,soc,mean_prim,tC/ha,82.0,BC-MAIN-a505d25d,,https://zenodo.org/records/15777016
carbon_stock-aa76f6f2-1,agbc,area_ha,ha,54.42763,BC-MAIN-aa76f6f2,,https://zenodo.org/records/15777016
carbon_stock-aa76f6f2-2,agbc,mean_act,tC/ha,3.0,BC-MAIN-aa76f6f2,,https://zenodo.org/records/15777016
carbon_stock-aa76f6f2-3,agbc,mean_prim,tC/ha,18.0,BC-MAIN-aa76f6f2,,https://zenodo.org/records/15777016
carbon_stock-aa76f6f2-4,bgbc,area_ha,ha,54.42763,BC-MAIN-aa76f6f2,,https://zenodo.org/records/15777016
carbon_stock-aa76f6f2-5,bgbc,mean_act,tC/ha,2.0,BC-MAIN-aa76f6f2,,https://zenodo.org/records/15777016
carbon_stock-aa76f6f2-6,bgbc,mean_prim,tC/ha,7.0,BC-MAIN-aa76f6f2,,https://zenodo.org/records/15777016
carbon_stock-aa76f6f2-7,soc,area_ha,ha,54.42763,BC-MAIN-aa76f6f2,,https://zenodo.org/records/15777016
carbon_stock-aa76f6f2-8,soc,mean_act,tC/ha,59.0,BC-MAIN-aa76f6f2,,https://zenodo.org/records/15777016
carbon_stock-aa76f6f2-9,soc,mean_prim,tC/ha,59.0,BC-MAIN-aa76f6f2,,https://zenodo.org/records/15777016
carbon_stock-b031959a-1,agbc,area_ha,ha,44.890057,BC-MAIN-b031959a,,https://zenodo.org/records/15777016
carbon_stock-b031959a-2,agbc,mean_act,tC/ha,45.0,BC-MAIN-b031959a,,https://zenodo.org/records/15777016
carbon_stock-b031959a-3,agbc,mean_prim,tC/ha,45.0,BC-MAIN-b031959a,,https://zenodo.org/records/15777016
carbon_stock-b031959a-4,bgbc,area_ha,ha,44.890057,BC-MAIN-b031959a,,https://zenodo.org/records/15777016
carbon_stock-b031959a-5,bgbc,mean_act,tC/ha,11.0,BC-MAIN-b031959a,,https://zenodo.org/records/15777016
carbon_stock-b031959a-6,bgbc,mean_prim,tC/ha,12.0,BC-MAIN-b031959a,,https://zenodo.org/records/15777016
carbon_stock-b031959a-7,soc,area_ha,ha,44.890057,BC-MAIN-b031959a,,https://zenodo.org/records/15777016
carbon_stock-b031959a-8,soc,mean_act,tC/ha,73.0,BC-MAIN-b031959a,,https://zenodo.org/records/15777016
carbon_stock-b031959a-9,soc,mean_prim,tC/ha,73.0,BC-MAIN-b031959a,,https://zenodo.org/records/15777016
carbon_stock-b1fe389a-1,agbc,area_ha,ha,47.19829,BC-MAIN-b1fe389a,,https://zenodo.org/records/15777016
carbon_stock-b1fe389a-2,agbc,mean_act,tC/ha,63.0,BC-MAIN-b1fe389a,,https://zenodo.org/records/15777016
carbon_stock-b1fe389a-3,agbc,mean_prim,tC/ha,70.0,BC-MAIN-b1fe389a,,https://zenodo.org/records/15777016
carbon_stock-b1fe389a-4,bgbc,area_ha,ha,47.19829,BC-MAIN-b1fe389a,,https://zenodo.org/records/15777016
carbon_stock-b1fe389a-5,bgbc,mean_act,tC/ha,14.0,BC-MAIN-b1fe389a,,https://zenodo.org/records/15777016
carbon_stock-b1fe389a-6,bgbc,mean_prim,tC/ha,21.0,BC-MAIN-b1fe389a,,https://zenodo.org/records/15777016
carbon_stock-b1fe389a-7,soc,area_ha,ha,47.19829,BC-MAIN-b1fe389a,,https://zenodo.org/records/15777016
carbon_stock-b1fe389a-8,soc,mean_act,tC/ha,80.0,BC-MAIN-b1fe389a,,https://zenodo.org/records/15777016
carbon_stock-b1fe389a-9,soc,mean_prim,tC/ha,83.0,BC-MAIN-b1fe389a,,https://zenodo.org/records/15777016
carbon_stock-b4655afb-1,agbc,area_ha,ha,46.60203,BC-MAIN-b4655afb,,https://zenodo.org/records/15777016
carbon_stock-b4655afb-2,agbc,mean_act,tC/ha,50.0,BC-MAIN-b4655afb,,https://zenodo.org/records/15777016
carbon_stock-b4655afb-3,agbc,mean_prim,tC/ha,55.0,BC-MAIN-b4655afb,,https://zenodo.org/records/15777016
carbon_stock-b4655afb-4,bgbc,area_ha,ha,46.60203,BC-MAIN-b4655afb,,https://zenodo.org/records/15777016
carbon_stock-b4655afb-5,bgbc,mean_act,tC/ha,14.0,BC-MAIN-b4655afb,,https://zenodo.org/records/15777016
carbon_stock-b4655afb-6,bgbc,mean_prim,tC/ha,17.0,BC-MAIN-b4655afb,,https://zenodo.org/records/15777016
carbon_stock-b4655afb-7,soc,area_ha,ha,46.60203,BC-MAIN-b4655afb,,https://zenodo.org/records/15777016
carbon_stock-b4655afb-8,soc,mean_act,tC/ha,68.0,BC-MAIN-b4655afb,,https://zenodo.org/records/15777016
carbon_stock-b4655afb-9,soc,mean_prim,tC/ha,82.0,BC-MAIN-b4655afb,,https://zenodo.org/records/15777016
carbon_stock-b7591127-1,agbc,area_ha,ha,47.177425,BC-MAIN-b7591127,,https://zenodo.org/records/15777016
carbon_stock-b7591127-2,agbc,mean_act,tC/ha,84.0,BC-MAIN-b7591127,,https://zenodo.org/records/15777016
carbon_stock-b7591127-3,agbc,mean_prim,tC/ha,88.0,BC-MAIN-b7591127,,https://zenodo.org/records/15777016
carbon_stock-b7591127-4,bgbc,area_ha,ha,47.177425,BC-MAIN-b7591127,,https://zenodo.org/records/15777016
carbon_stock-b7591127-5,bgbc,mean_act,tC/ha,22.0,BC-MAIN-b7591127,,https://zenodo.org/records/15777016
carbon_stock-b7591127-6,bgbc,mean_prim,tC/ha,23.0,BC-MAIN-b7591127,,https://zenodo.org/records/15777016
carbon_stock-b7591127-7,soc,area_ha,ha,47.177425,BC-MAIN-b7591127,,https://zenodo.org/records/15777016
carbon_stock-b7591127-8,soc,mean_act,tC/ha,82.0,BC-MAIN-b7591127,,https://zenodo.org/records/15777016
carbon_stock-b7591127-9,soc,mean_prim,tC/ha,89.0,BC-MAIN-b7591127,,https://zenodo.org/records/15777016
carbon_stock-bf503b6b-1,agbc,area_ha,ha,54.63021,BC-MAIN-bf503b6b,,https://zenodo.org/records/15777016
carbon_stock-bf503b6b-2,agbc,mean_act,tC/ha,3.0,BC-MAIN-bf503b6b,,https://zenodo.org/records/15777016
carbon_stock-bf503b6b-3,agbc,mean_prim,tC/ha,37.0,BC-MAIN-bf503b6b,,https://zenodo.org/records/15777016
carbon_stock-bf503b6b-4,bgbc,area_ha,ha,54.63021,BC-MAIN-bf503b6b,,https://zenodo.org/records/15777016
carbon_stock-bf503b6b-5,bgbc,mean_act,tC/ha,1.0,BC-MAIN-bf503b6b,,https://zenodo.org/records/15777016
carbon_stock-bf503b6b-6,bgbc,mean_prim,tC/ha,12.0,BC-MAIN-bf503b6b,,https://zenodo.org/records/15777016
carbon_stock-bf503b6b-7,soc,area_ha,ha,54.63021,BC-MAIN-bf503b6b,,https://zenodo.org/records/15777016
carbon_stock-bf503b6b-8,soc,mean_act,tC/ha,51.0,BC-MAIN-bf503b6b,,https://zenodo.org/records/15777016
carbon_stock-bf503b6b-9,soc,mean_prim,tC/ha,53.0,BC-MAIN-bf503b6b,,https://zenodo.org/records/15777016
carbon_stock-c5d1b42d-1,agbc,area_ha,ha,50.7063,BC-MAIN-c5d1b42d,,https://zenodo.org/records/15777016
carbon_stock-c5d1b42d-2,agbc,mean_act,tC/ha,1.0,BC-MAIN-c5d1b42d,,https://zenodo.org/records/15777016
carbon_stock-c5d1b42d-3,agbc,mean_prim,tC/ha,16.0,BC-MAIN-c5d1b42d,,https://zenodo.org/records/15777016
carbon_stock-c5d1b42d-4,bgbc,area_ha,ha,50.7063,BC-MAIN-c5d1b42d,,https://zenodo.org/records/15777016
carbon_stock-c5d1b42d-5,bgbc,mean_act,tC/ha,0.0,BC-MAIN-c5d1b42d,,https://zenodo.org/records/15777016
carbon_stock-c5d1b42d-6,bgbc,mean_prim,tC/ha,6.0,BC-MAIN-c5d1b42d,,https://zenodo.org/records/15777016
carbon_stock-c5d1b42d-7,soc,area_ha,ha,50.7063,BC-MAIN-c5d1b42d,,https://zenodo.org/records/15777016
carbon_stock-c5d1b42d-8,soc,mean_act,tC/ha,86.0,BC-MAIN-c5d1b42d,,https://zenodo.org/records/15777016
carbon_stock-c5d1b42d-9,soc,mean_prim,tC/ha,86.0,BC-MAIN-c5d1b42d,,https://zenodo.org/records/15777016
carbon_stock-c720b195-1,agbc,area_ha,ha,45.970932,BC-MAIN-c720b195,,https://zenodo.org/records/15777016
carbon_stock-c720b195-2,agbc,mean_act,tC/ha,10.0,BC-MAIN-c720b195,,https://zenodo.org/records/15777016
carbon_stock-c720b195-3,agbc,mean_prim,tC/ha,26.0,BC-MAIN-c720b195,,https://zenodo.org/records/15777016
carbon_stock-c720b195-4,bgbc,area_ha,ha,45.970932,BC-MAIN-c720b195,,https://zenodo.org/records/15777016
carbon_stock-c720b195-5,bgbc,mean_act,tC/ha,3.0,BC-MAIN-c720b195,,https://zenodo.org/records/15777016
carbon_stock-c720b195-6,bgbc,mean_prim,tC/ha,8.0,BC-MAIN-c720b195,,https://zenodo.org/records/15777016
carbon_stock-c720b195-7,soc,area_ha,ha,45.970932,BC-MAIN-c720b195,,https://zenodo.org/records/15777016
carbon_stock-c720b195-8,soc,mean_act,tC/ha,80.0,BC-MAIN-c720b195,,https://zenodo.org/records/15777016
carbon_stock-c720b195-9,soc,mean_prim,tC/ha,80.0,BC-MAIN-c720b195,,https://zenodo.org/records/15777016
carbon_stock-c7247100-1,agbc,area_ha,ha,54.147045,BC-MAIN-c7247100,,https://zenodo.org/records/15777016
carbon_stock-c7247100-2,agbc,mean_act,tC/ha,77.0,BC-MAIN-c7247100,,https://zenodo.org/records/15777016
carbon_stock-c7247100-3,agbc,mean_prim,tC/ha,77.0,BC-MAIN-c7247100,,https://zenodo.org/records/15777016
carbon_stock-c7247100-4,bgbc,area_ha,ha,54.147045,BC-MAIN-c7247100,,https://zenodo.org/records/15777016
carbon_stock-c7247100-5,bgbc,mean_act,tC/ha,21.0,BC-MAIN-c7247100,,https://zenodo.org/records/15777016
carbon_stock-c7247100-6,bgbc,mean_prim,tC/ha,21.0,BC-MAIN-c7247100,,https://zenodo.org/records/15777016
carbon_stock-c7247100-7,soc,area_ha,ha,54.147045,BC-MAIN-c7247100,,https://zenodo.org/records/15777016
carbon_stock-c7247100-8,soc,mean_act,tC/ha,49.0,BC-MAIN-c7247100,,https://zenodo.org/records/15777016
carbon_stock-c7247100-9,soc,mean_prim,tC/ha,58.0,BC-MAIN-c7247100,,https://zenodo.org/records/15777016
carbon_stock-e1641dfb-1,agbc,area_ha,ha,49.37694,BC-MAIN-e1641dfb,,https://zenodo.org/records/15777016
carbon_stock-e1641dfb-2,agbc,mean_act,tC/ha,45.0,BC-MAIN-e1641dfb,,https://zenodo.org/records/15777016
carbon_stock-e1641dfb-3,agbc,mean_prim,tC/ha,56.0,BC-MAIN-e1641dfb,,https://zenodo.org/records/15777016
carbon_stock-e1641dfb-4,bgbc,area_ha,ha,49.37694,BC-MAIN-e1641dfb,,https://zenodo.org/records/15777016
carbon_stock-e1641dfb-5,bgbc,mean_act,tC/ha,11.0,BC-MAIN-e1641dfb,,https://zenodo.org/records/15777016
carbon_stock-e1641dfb-6,bgbc,mean_prim,tC/ha,16.0,BC-MAIN-e1641dfb,,https://zenodo.org/records/15777016
carbon_stock-e1641dfb-7,soc,area_ha,ha,49.37694,BC-MAIN-e1641dfb,,https://zenodo.org/records/15777016
carbon_stock-e1641dfb-8,soc,mean_act,tC/ha,71.0,BC-MAIN-e1641dfb,,https://zenodo.org/records/15777016
carbon_stock-e1641dfb-9,soc,mean_prim,tC/ha,71.0,BC-MAIN-e1641dfb,,https://zenodo.org/records/15777016
carbon_stock-e34feb4d-1,agbc,area_ha,ha,46.696392,BC-MAIN-e34feb4d,,https://zenodo.org/records/15777016
carbon_stock-e34feb4d-2,agbc,mean_act,tC/ha,9.0,BC-MAIN-e34feb4d,,https://zenodo.org/records/15777016
carbon_stock-e34feb4d-3,agbc,mean_prim,tC/ha,13.0,BC-MAIN-e34feb4d,,https://zenodo.org/records/15777016
carbon_stock-e34feb4d-4,bgbc,area_ha,ha,46.696392,BC-MAIN-e34feb4d,,https://zenodo.org/records/15777016
carbon_stock-e34feb4d-5,bgbc,mean_act,tC/ha,3.0,BC-MAIN-e34feb4d,,https://zenodo.org/records/15777016
carbon_stock-e34feb4d-6,bgbc,mean_prim,tC/ha,5.0,BC-MAIN-e34feb4d,,https://zenodo.org/records/15777016
carbon_stock-e34feb4d-7,soc,area_ha,ha,46.696392,BC-MAIN-e34feb4d,,https://zenodo.org/records/15777016
carbon_stock-e34feb4d-8,soc,mean_act,tC/ha,79.0,BC-MAIN-e34feb4d,,https://zenodo.org/records/15777016
carbon_stock-e34feb4d-9,soc,mean_prim,tC/ha,79.0,BC-MAIN-e34feb4d,,https://zenodo.org/records/15777016
carbon_stock-eb47f7c7-1,agbc,area_ha,ha,50.47422,BC-MAIN-eb47f7c7,,https://zenodo.org/records/15777016
carbon_stock-eb47f7c7-2,agbc,mean_act,tC/ha,,BC-MAIN-eb47f7c7,,https://zenodo.org/records/15777016
carbon_stock-eb47f7c7-3,agbc,mean_prim,tC/ha,,BC-MAIN-eb47f7c7,,https://zenodo.org/records/15777016
carbon_stock-eb47f7c7-4,bgbc,area_ha,ha,50.47422,BC-MAIN-eb47f7c7,,https://zenodo.org/records/15777016
carbon_stock-eb47f7c7-5,bgbc,mean_act,tC/ha,,BC-MAIN-eb47f7c7,,https://zenodo.org/records/15777016
carbon_stock-eb47f7c7-6,bgbc,mean_prim,tC/ha,,BC-MAIN-eb47f7c7,,https://zenodo.org/records/15777016
carbon_stock-eb47f7c7-7,soc,area_ha,ha,50.47422,BC-MAIN-eb47f7c7,,https://zenodo.org/records/15777016
carbon_stock-eb47f7c7-8,soc,mean_act,tC/ha,,BC-MAIN-eb47f7c7,,https://zenodo.org/records/15777016
carbon_stock-eb47f7c7-9,soc,mean_prim,tC/ha,,BC-MAIN-eb47f7c7,,https://zenodo.org/records/15777016
carbon_stock-eba3e309-1,agbc,area_ha,ha,56.23235,BC-MAIN-eba3e309,,https://zenodo.org/records/15777016
carbon_stock-eba3e309-2,agbc,mean_act,tC/ha,63.0,BC-MAIN-eba3e309,,https://zenodo.org/records/15777016
carbon_stock-eba3e309-3,agbc,mean_prim,tC/ha,71.0,BC-MAIN-eba3e309,,https://zenodo.org/records/15777016
carbon_stock-eba3e309-4,bgbc,area_ha,ha,56.23235,BC-MAIN-eba3e309,,https://zenodo.org/records/15777016
carbon_stock-eba3e309-5,bgbc,mean_act,tC/ha,17.0,BC-MAIN-eba3e309,,https://zenodo.org/records/15777016
carbon_stock-eba3e309-6,bgbc,mean_prim,tC/ha,20.0,BC-MAIN-eba3e309,,https://zenodo.org/records/15777016
carbon_stock-eba3e309-7,soc,area_ha,ha,56.23235,BC-MAIN-eba3e309,,https://zenodo.org/records/15777016
carbon_stock-eba3e309-8,soc,mean_act,tC/ha,50.0,BC-MAIN-eba3e309,,https://zenodo.org/records/15777016
carbon_stock-eba3e309-9,soc,mean_prim,tC/ha,54.0,BC-MAIN-eba3e309,,https://zenodo.org/records/15777016
carbon_stock-ed23117f-1,agbc,area_ha,ha,49.100708,BC-MAIN-ed23117f,,https://zenodo.org/records/15777016
carbon_stock-ed23117f-2,agbc,mean_act,tC/ha,47.0,BC-MAIN-ed23117f,,https://zenodo.org/records/15777016
carbon_stock-ed23117f-3,agbc,mean_prim,tC/ha,73.0,BC-MAIN-ed23117f,,https://zenodo.org/records/15777016
carbon_stock-ed23117f-4,bgbc,area_ha,ha,49.100708,BC-MAIN-ed23117f,,https://zenodo.org/records/15777016
carbon_stock-ed23117f-5,bgbc,mean_act,tC/ha,10.0,BC-MAIN-ed23117f,,https://zenodo.org/records/15777016
carbon_stock-ed23117f-6,bgbc,mean_prim,tC/ha,17.0,BC-MAIN-ed23117f,,https://zenodo.org/records/15777016
carbon_stock-ed23117f-7,soc,area_ha,ha,49.100708,BC-MAIN-ed23117f,,https://zenodo.org/records/15777016
carbon_stock-ed23117f-8,soc,mean_act,tC/ha,59.0,BC-MAIN-ed23117f,,https://zenodo.org/records/15777016
carbon_stock-ed23117f-9,soc,mean_prim,tC/ha,62.0,BC-MAIN-ed23117f,,https://zenodo.org/records/15777016
carbon_stock-efff21d3-1,agbc,area_ha,ha,51.238926,BC-MAIN-efff21d3,,https://zenodo.org/records/15777016
carbon_stock-efff21d3-2,agbc,mean_act,tC/ha,6.0,BC-MAIN-efff21d3,,https://zenodo.org/records/15777016
carbon_stock-efff21d3-3,agbc,mean_prim,tC/ha,17.0,BC-MAIN-efff21d3,,https://zenodo.org/records/15777016
carbon_stock-efff21d3-4,bgbc,area_ha,ha,51.238926,BC-MAIN-efff21d3,,https://zenodo.org/records/15777016
carbon_stock-efff21d3-5,bgbc,mean_act,tC/ha,2.0,BC-MAIN-efff21d3,,https://zenodo.org/records/15777016
carbon_stock-efff21d3-6,bgbc,mean_prim,tC/ha,6.0,BC-MAIN-efff21d3,,https://zenodo.org/records/15777016
carbon_stock-efff21d3-7,soc,area_ha,ha,51.238926,BC-MAIN-efff21d3,,https://zenodo.org/records/15777016
carbon_stock-efff21d3-8,soc,mean_act,tC/ha,91.0,BC-MAIN-efff21d3,,https://zenodo.org/records/15777016
carbon_stock-efff21d3-9,soc,mean_prim,tC/ha,91.0,BC-MAIN-efff21d3,,https://zenodo.org/records/15777016
carbon_stock-feb13c30-1,agbc,area_ha,ha,56.241787,BC-MAIN-feb13c30,,https://zenodo.org/records/15777016
carbon_stock-feb13c30-2,agbc,mean_act,tC/ha,84.0,BC-MAIN-feb13c30,,https://zenodo.org/records/15777016
carbon_stock-feb13c30-3,agbc,mean_prim,tC/ha,89.0,BC-MAIN-feb13c30,,https://zenodo.org/records/15777016
carbon_stock-feb13c30-4,bgbc,area_ha,ha,56.241787,BC-MAIN-feb13c30,,https://zenodo.org/records/15777016
carbon_stock-feb13c30-5,bgbc,mean_act,tC/ha,22.0,BC-MAIN-feb13c30,,https://zenodo.org/records/15777016
carbon_stock-feb13c30-6,bgbc,mean_prim,tC/ha,22.0,BC-MAIN-feb13c30,,https://zenodo.org/records/15777016
carbon_stock-feb13c30-7,soc,area_ha,ha,56.241787,BC-MAIN-feb13c30,,https://zenodo.org/records/15777016
carbon_stock-feb13c30-8,soc,mean_act,tC/ha,76.0,BC-MAIN-feb13c30,,https://zenodo.org/records/15777016
carbon_stock-feb13c30-9,soc,mean_prim,tC/ha,76.0,BC-MAIN-feb13c30,,https://zenodo.org/records/15777016
carbon_stock-0898e255-1,agbc,area_ha,ha,49.428013,MB-MAIN-0898e255,GRP-a13779f8,https://zenodo.org/records/15777016
carbon_stock-0898e255-2,agbc,mean_act,tC/ha,32.0,MB-MAIN-0898e255,GRP-a13779f8,https://zenodo.org/records/15777016
carbon_stock-0898e255-3,agbc,mean_prim,tC/ha,34.0,MB-MAIN-0898e255,GRP-a13779f8,https://zenodo.org/records/15777016
carbon_stock-0898e255-4,bgbc,area_ha,ha,49.428013,MB-MAIN-0898e255,GRP-a13779f8,https://zenodo.org/records/15777016
carbon_stock-0898e255-5,bgbc,mean_act,tC/ha,7.0,MB-MAIN-0898e255,GRP-a13779f8,https://zenodo.org/records/15777016
carbon_stock-0898e255-6,bgbc,mean_prim,tC/ha,9.0,MB-MAIN-0898e255,GRP-a13779f8,https://zenodo.org/records/15777016
carbon_stock-0898e255-7,soc,area_ha,ha,49.428013,MB-MAIN-0898e255,GRP-a13779f8,https://zenodo.org/records/15777016
carbon_stock-0898e255-8,soc,mean_act,tC/ha,67.0,MB-MAIN-0898e255,GRP-a13779f8,https://zenodo.org/records/15777016
carbon_stock-0898e255-9,soc,mean_prim,tC/ha,76.0,MB-MAIN-0898e255,GRP-a13779f8,https://zenodo.org/records/15777016
carbon_stock-0d5c2cae-1,agbc,area_ha,ha,55.033844,MB-MAIN-0d5c2cae,,https://zenodo.org/records/15777016
carbon_stock-0d5c2cae-2,agbc,mean_act,tC/ha,12.0,MB-MAIN-0d5c2cae,,https://zenodo.org/records/15777016
carbon_stock-0d5c2cae-3,agbc,mean_prim,tC/ha,35.0,MB-MAIN-0d5c2cae,,https://zenodo.org/records/15777016
carbon_stock-0d5c2cae-4,bgbc,area_ha,ha,55.033844,MB-MAIN-0d5c2cae,,https://zenodo.org/records/15777016
carbon_stock-0d5c2cae-5,bgbc,mean_act,tC/ha,4.0,MB-MAIN-0d5c2cae,,https://zenodo.org/records/15777016
carbon_stock-0d5c2cae-6,bgbc,mean_prim,tC/ha,11.0,MB-MAIN-0d5c2cae,,https://zenodo.org/records/15777016
carbon_stock-0d5c2cae-7,soc,area_ha,ha,55.033844,MB-MAIN-0d5c2cae,,https://zenodo.org/records/15777016
carbon_stock-0d5c2cae-8,soc,mean_act,tC/ha,96.0,MB-MAIN-0d5c2cae,,https://zenodo.org/records/15777016
carbon_stock-0d5c2cae-9,soc,mean_prim,tC/ha,102.0,MB-MAIN-0d5c2cae,,https://zenodo.org/records/15777016
carbon_stock-1a82a1b7-1,agbc,area_ha,ha,50.51462,MB-MAIN-1a82a1b7,,https://zenodo.org/records/15777016
carbon_stock-1a82a1b7-2,agbc,mean_act,tC/ha,46.0,MB-MAIN-1a82a1b7,,https://zenodo.org/records/15777016
carbon_stock-1a82a1b7-3,agbc,mean_prim,tC/ha,46.0,MB-MAIN-1a82a1b7,,https://zenodo.org/records/15777016
carbon_stock-1a82a1b7-4,bgbc,area_ha,ha,50.51462,MB-MAIN-1a82a1b7,,https://zenodo.org/records/15777016
carbon_stock-1a82a1b7-5,bgbc,mean_act,tC/ha,13.0,MB-MAIN-1a82a1b7,,https://zenodo.org/records/15777016
carbon_stock-1a82a1b7-6,bgbc,mean_prim,tC/ha,13.0,MB-MAIN-1a82a1b7,,https://zenodo.org/records/15777016
carbon_stock-1a82a1b7-7,soc,area_ha,ha,50.51462,MB-MAIN-1a82a1b7,,https://zenodo.org/records/15777016
carbon_stock-1a82a1b7-8,soc,mean_act,tC/ha,80.0,MB-MAIN-1a82a1b7,,https://zenodo.org/records/15777016
carbon_stock-1a82a1b7-9,soc,mean_prim,tC/ha,80.0,MB-MAIN-1a82a1b7,,https://zenodo.org/records/15777016
carbon_stock-27a90834-1,agbc,area_ha,ha,54.46626,MB-MAIN-27a90834,,https://zenodo.org/records/15777016
carbon_stock-27a90834-2,agbc,mean_act,tC/ha,43.0,MB-MAIN-27a90834,,https://zenodo.org/records/15777016
carbon_stock-27a90834-3,agbc,mean_prim,tC/ha,43.0,MB-MAIN-27a90834,,https://zenodo.org/records/15777016
carbon_stock-27a90834-4,bgbc,area_ha,ha,54.46626,MB-MAIN-27a90834,,https://zenodo.org/records/15777016
carbon_stock-27a90834-5,bgbc,mean_act,tC/ha,12.0,MB-MAIN-27a90834,,https://zenodo.org/records/15777016
carbon_stock-27a90834-6,bgbc,mean_prim,tC/ha,13.0,MB-MAIN-27a90834,,https://zenodo.org/records/15777016
carbon_stock-27a90834-7,soc,area_ha,ha,54.46626,MB-MAIN-27a90834,,https://zenodo.org/records/15777016
carbon_stock-27a90834-8,soc,mean_act,tC/ha,53.0,MB-MAIN-27a90834,,https://zenodo.org/records/15777016
carbon_stock-27a90834-9,soc,mean_prim,tC/ha,74.0,MB-MAIN-27a90834,,https://zenodo.org/records/15777016
carbon_stock-5d21dbd5-1,agbc,area_ha,ha,49.92712,MB-MAIN-5d21dbd5,,https://zenodo.org/records/15777016
carbon_stock-5d21dbd5-2,agbc,mean_act,tC/ha,,MB-MAIN-5d21dbd5,,https://zenodo.org/records/15777016
carbon_stock-5d21dbd5-3,agbc,mean_prim,tC/ha,,MB-MAIN-5d21dbd5,,https://zenodo.org/records/15777016
carbon_stock-5d21dbd5-4,bgbc,area_ha,ha,49.92712,MB-MAIN-5d21dbd5,,https://zenodo.org/records/15777016
carbon_stock-5d21dbd5-5,bgbc,mean_act,tC/ha,,MB-MAIN-5d21dbd5,,https://zenodo.org/records/15777016
carbon_stock-5d21dbd5-6,bgbc,mean_prim,tC/ha,,MB-MAIN-5d21dbd5,,https://zenodo.org/records/15777016
carbon_stock-5d21dbd5-7,soc,area_ha,ha,49.92712,MB-MAIN-5d21dbd5,,https://zenodo.org/records/15777016
carbon_stock-5d21dbd5-8,soc,mean_act,tC/ha,,MB-MAIN-5d21dbd5,,https://zenodo.org/records/15777016
carbon_stock-5d21dbd5-9,soc,mean_prim,tC/ha,,MB-MAIN-5d21dbd5,,https://zenodo.org/records/15777016
carbon_stock-6fca9d6d-1,agbc,area_ha,ha,46.947628,MB-MAIN-6fca9d6d,,https://zenodo.org/records/15777016
carbon_stock-6fca9d6d-2,agbc,mean_act,tC/ha,8.0,MB-MAIN-6fca9d6d,,https://zenodo.org/records/15777016
carbon_stock-6fca9d6d-3,agbc,mean_prim,tC/ha,13.0,MB-MAIN-6fca9d6d,,https://zenodo.org/records/15777016
carbon_stock-6fca9d6d-4,bgbc,area_ha,ha,46.947628,MB-MAIN-6fca9d6d,,https://zenodo.org/records/15777016
carbon_stock-6fca9d6d-5,bgbc,mean_act,tC/ha,2.0,MB-MAIN-6fca9d6d,,https://zenodo.org/records/15777016
carbon_stock-6fca9d6d-6,bgbc,mean_prim,tC/ha,3.0,MB-MAIN-6fca9d6d,,https://zenodo.org/records/15777016
carbon_stock-6fca9d6d-7,soc,area_ha,ha,46.947628,MB-MAIN-6fca9d6d,,https://zenodo.org/records/15777016
carbon_stock-6fca9d6d-8,soc,mean_act,tC/ha,80.0,MB-MAIN-6fca9d6d,,https://zenodo.org/records/15777016
carbon_stock-6fca9d6d-9,soc,mean_prim,tC/ha,84.0,MB-MAIN-6fca9d6d,,https://zenodo.org/records/15777016
carbon_stock-854abe09-1,agbc,area_ha,ha,50.332676,MB-MAIN-854abe09,,https://zenodo.org/records/15777016
carbon_stock-854abe09-2,agbc,mean_act,tC/ha,37.0,MB-MAIN-854abe09,,https://zenodo.org/records/15777016
carbon_stock-854abe09-3,agbc,mean_prim,tC/ha,37.0,MB-MAIN-854abe09,,https://zenodo.org/records/15777016
carbon_stock-854abe09-4,bgbc,area_ha,ha,50.332676,MB-MAIN-854abe09,,https://zenodo.org/records/15777016
carbon_stock-854abe09-5,bgbc,mean_act,tC/ha,11.0,MB-MAIN-854abe09,,https://zenodo.org/records/15777016
carbon_stock-854abe09-6,bgbc,mean_prim,tC/ha,11.0,MB-MAIN-854abe09,,https://zenodo.org/records/15777016
carbon_stock-854abe09-7,soc,area_ha,ha,50.332676,MB-MAIN-854abe09,,https://zenodo.org/records/15777016
carbon_stock-854abe09-8,soc,mean_act,tC/ha,60.0,MB-MAIN-854abe09,,https://zenodo.org/records/15777016
carbon_stock-854abe09-9,soc,mean_prim,tC/ha,75.0,MB-MAIN-854abe09,,https://zenodo.org/records/15777016
carbon_stock-915d9faa-1,agbc,area_ha,ha,54.697628,MB-MAIN-915d9faa,,https://zenodo.org/records/15777016
carbon_stock-915d9faa-2,agbc,mean_act,tC/ha,,MB-MAIN-915d9faa,,https://zenodo.org/records/15777016
carbon_stock-915d9faa-3,agbc,mean_prim,tC/ha,,MB-MAIN-915d9faa,,https://zenodo.org/records/15777016
carbon_stock-915d9faa-4,bgbc,area_ha,ha,54.697628,MB-MAIN-915d9faa,,https://zenodo.org/records/15777016
carbon_stock-915d9faa-5,bgbc,mean_act,tC/ha,,MB-MAIN-915d9faa,,https://zenodo.org/records/15777016
carbon_stock-915d9faa-6,bgbc,mean_prim,tC/ha,,MB-MAIN-915d9faa,,https://zenodo.org/records/15777016
carbon_stock-915d9faa-7,soc,area_ha,ha,54.697628,MB-MAIN-915d9faa,,https://zenodo.org/records/15777016
carbon_stock-915d9faa-8,soc,mean_act,tC/ha,,MB-MAIN-915d9faa,,https://zenodo.org/records/15777016
carbon_stock-915d9faa-9,soc,mean_prim,tC/ha,,MB-MAIN-915d9faa,,https://zenodo.org/records/15777016
carbon_stock-a832fb0a-1,agbc,area_ha,ha,49.509674,MB-MAIN-a832fb0a,,https://zenodo.org/records/15777016
carbon_stock-a832fb0a-2,agbc,mean_act,tC/ha,18.0,MB-MAIN-a832fb0a,,https://zenodo.org/records/15777016
carbon_stock-a832fb0a-3,agbc,mean_prim,tC/ha,36.0,MB-MAIN-a832fb0a,,https://zenodo.org/records/15777016
carbon_stock-a832fb0a-4,bgbc,area_ha,ha,49.509674,MB-MAIN-a832fb0a,,https://zenodo.org/records/15777016
carbon_stock-a832fb0a-5,bgbc,mean_act,tC/ha,4.0,MB-MAIN-a832fb0a,,https://zenodo.org/records/15777016
carbon_stock-a832fb0a-6,bgbc,mean_prim,tC/ha,9.0,MB-MAIN-a832fb0a,,https://zenodo.org/records/15777016
carbon_stock-a832fb0a-7,soc,area_ha,ha,49.509674,MB-MAIN-a832fb0a,,https://zenodo.org/records/15777016
carbon_stock-a832fb0a-8,soc,mean_act,tC/ha,65.0,MB-MAIN-a832fb0a,,https://zenodo.org/records/15777016
carbon_stock-a832fb0a-9,soc,mean_prim,tC/ha,75.0,MB-MAIN-a832fb0a,,https://zenodo.org/records/15777016
carbon_stock-b4ca1426-1,agbc,area_ha,ha,55.043427,MB-MAIN-b4ca1426,,https://zenodo.org/records/15777016
carbon_stock-b4ca1426-2,agbc,mean_act,tC/ha,14.0,MB-MAIN-b4ca1426,,https://zenodo.org/records/15777016
carbon_stock-b4ca1426-3,agbc,mean_prim,tC/ha,40.0,MB-MAIN-b4ca1426,,https://zenodo.org/records/15777016
carbon_stock-b4ca1426-4,bgbc,area_ha,ha,55.043427,MB-MAIN-b4ca1426,,https://zenodo.org/records/15777016
carbon_stock-b4ca1426-5,bgbc,mean_act,tC/ha,5.0,MB-MAIN-b4ca1426,,https://zenodo.org/records/15777016
carbon_stock-b4ca1426-6,bgbc,mean_prim,tC/ha,11.0,MB-MAIN-b4ca1426,,https://zenodo.org/records/15777016
carbon_stock-b4ca1426-7,soc,area_ha,ha,55.043427,MB-MAIN-b4ca1426,,https://zenodo.org/records/15777016
carbon_stock-b4ca1426-8,soc,mean_act,tC/ha,92.0,MB-MAIN-b4ca1426,,https://zenodo.org/records/15777016
carbon_stock-b4ca1426-9,soc,mean_prim,tC/ha,95.0,MB-MAIN-b4ca1426,,https://zenodo.org/records/15777016
carbon_stock-b5b81ee3-1,agbc,area_ha,ha,49.223576,MB-MAIN-b5b81ee3,,https://zenodo.org/records/15777016
carbon_stock-b5b81ee3-2,agbc,mean_act,tC/ha,31.0,MB-MAIN-b5b81ee3,,https://zenodo.org/records/15777016
carbon_stock-b5b81ee3-3,agbc,mean_prim,tC/ha,31.0,MB-MAIN-b5b81ee3,,https://zenodo.org/records/15777016
carbon_stock-b5b81ee3-4,bgbc,area_ha,ha,49.223576,MB-MAIN-b5b81ee3,,https://zenodo.org/records/15777016
carbon_stock-b5b81ee3-5,bgbc,mean_act,tC/ha,7.0,MB-MAIN-b5b81ee3,,https://zenodo.org/records/15777016
carbon_stock-b5b81ee3-6,bgbc,mean_prim,tC/ha,8.0,MB-MAIN-b5b81ee3,,https://zenodo.org/records/15777016
carbon_stock-b5b81ee3-7,soc,area_ha,ha,49.223576,MB-MAIN-b5b81ee3,,https://zenodo.org/records/15777016
carbon_stock-b5b81ee3-8,soc,mean_act,tC/ha,58.0,MB-MAIN-b5b81ee3,,https://zenodo.org/records/15777016
carbon_stock-b5b81ee3-9,soc,mean_prim,tC/ha,75.0,MB-MAIN-b5b81ee3,,https://zenodo.org/records/15777016
carbon_stock-be5b3dc8-1,agbc,area_ha,ha,49.40759,MB-MAIN-be5b3dc8,GRP-a13779f8,https://zenodo.org/records/15777016
carbon_stock-be5b3dc8-2,agbc,mean_act,tC/ha,38.0,MB-MAIN-be5b3dc8,GRP-a13779f8,https://zenodo.org/records/15777016
carbon_stock-be5b3dc8-3,agbc,mean_prim,tC/ha,38.0,MB-MAIN-be5b3dc8,GRP-a13779f8,https://zenodo.org/records/15777016
carbon_stock-be5b3dc8-4,bgbc,area_ha,ha,49.40759,MB-MAIN-be5b3dc8,GRP-a13779f8,https://zenodo.org/records/15777016
carbon_stock-be5b3dc8-5,bgbc,mean_act,tC/ha,8.0,MB-MAIN-be5b3dc8,GRP-a13779f8,https://zenodo.org/records/15777016
carbon_stock-be5b3dc8-6,bgbc,mean_prim,tC/ha,9.0,MB-MAIN-be5b3dc8,GRP-a13779f8,https://zenodo.org/records/15777016
carbon_stock-be5b3dc8-7,soc,area_ha,ha,49.40759,MB-MAIN-be5b3dc8,GRP-a13779f8,https://zenodo.org/records/15777016
carbon_stock-be5b3dc8-8,soc,mean_act,tC/ha,69.0,MB-MAIN-be5b3dc8,GRP-a13779f8,https://zenodo.org/records/15777016
carbon_stock-be5b3dc8-9,soc,mean_prim,tC/ha,70.0,MB-MAIN-be5b3dc8,GRP-a13779f8,https://zenodo.org/records/15777016
carbon_stock-c0684566-1,agbc,area_ha,ha,49.560677,MB-MAIN-c0684566,,https://zenodo.org/records/15777016
carbon_stock-c0684566-2,agbc,mean_act,tC/ha,,MB-MAIN-c0684566,,https://zenodo.org/records/15777016
carbon_stock-c0684566-3,agbc,mean_prim,tC/ha,,MB-MAIN-c0684566,,https://zenodo.org/records/15777016
carbon_stock-c0684566-4,bgbc,area_ha,ha,49.560677,MB-MAIN-c0684566,,https://zenodo.org/records/15777016
carbon_stock-c0684566-5,bgbc,mean_act,tC/ha,,MB-MAIN-c0684566,,https://zenodo.org/records/15777016
carbon_stock-c0684566-6,bgbc,mean_prim,tC/ha,,MB-MAIN-c0684566,,https://zenodo.org/records/15777016
carbon_stock-c0684566-7,soc,area_ha,ha,49.560677,MB-MAIN-c0684566,,https://zenodo.org/records/15777016
carbon_stock-c0684566-8,soc,mean_act,tC/ha,,MB-MAIN-c0684566,,https://zenodo.org/records/15777016
carbon_stock-c0684566-9,soc,mean_prim,tC/ha,,MB-MAIN-c0684566,,https://zenodo.org/records/15777016
carbon_stock-da0b5c3d-1,agbc,area_ha,ha,49.387157,MB-MAIN-da0b5c3d,GRP-a13779f8,https://zenodo.org/records/15777016
carbon_stock-da0b5c3d-2,agbc,mean_act,tC/ha,18.0,MB-MAIN-da0b5c3d,GRP-a13779f8,https://zenodo.org/records/15777016
carbon_stock-da0b5c3d-3,agbc,mean_prim,tC/ha,35.0,MB-MAIN-da0b5c3d,GRP-a13779f8,https://zenodo.org/records/15777016
carbon_stock-da0b5c3d-4,bgbc,area_ha,ha,49.387157,MB-MAIN-da0b5c3d,GRP-a13779f8,https://zenodo.org/records/15777016
carbon_stock-da0b5c3d-5,bgbc,mean_act,tC/ha,5.0,MB-MAIN-da0b5c3d,GRP-a13779f8,https://zenodo.org/records/15777016
carbon_stock-da0b5c3d-6,bgbc,mean_prim,tC/ha,10.0,MB-MAIN-da0b5c3d,GRP-a13779f8,https://zenodo.org/records/15777016
carbon_stock-da0b5c3d-7,soc,area_ha,ha,49.387157,MB-MAIN-da0b5c3d,GRP-a13779f8,https://zenodo.org/records/15777016
carbon_stock-da0b5c3d-8,soc,mean_act,tC/ha,74.0,MB-MAIN-da0b5c3d,GRP-a13779f8,https://zenodo.org/records/15777016
carbon_stock-da0b5c3d-9,soc,mean_prim,tC/ha,79.0,MB-MAIN-da0b5c3d,GRP-a13779f8,https://zenodo.org/records/15777016
carbon_stock-e0a6250e-1,agbc,area_ha,ha,48.370716,MB-MAIN-e0a6250e,,https://zenodo.org/records/15777016
carbon_stock-e0a6250e-2,agbc,mean_act,tC/ha,9.0,MB-MAIN-e0a6250e,,https://zenodo.org/records/15777016
carbon_stock-e0a6250e-3,agbc,mean_prim,tC/ha,34.0,MB-MAIN-e0a6250e,,https://zenodo.org/records/15777016
carbon_stock-e0a6250e-4,bgbc,area_ha,ha,48.370716,MB-MAIN-e0a6250e,,https://zenodo.org/records/15777016
carbon_stock-e0a6250e-5,bgbc,mean_act,tC/ha,2.0,MB-MAIN-e0a6250e,,https://zenodo.org/records/15777016
carbon_stock-e0a6250e-6,bgbc,mean_prim,tC/ha,9.0,MB-MAIN-e0a6250e,,https://zenodo.org/records/15777016
carbon_stock-e0a6250e-7,soc,area_ha,ha,48.370716,MB-MAIN-e0a6250e,,https://zenodo.org/records/15777016
carbon_stock-e0a6250e-8,soc,mean_act,tC/ha,92.0,MB-MAIN-e0a6250e,,https://zenodo.org/records/15777016
carbon_stock-e0a6250e-9,soc,mean_prim,tC/ha,92.0,MB-MAIN-e0a6250e,,https://zenodo.org/records/15777016
carbon_stock-e2e67f8f-1,agbc,area_ha,ha,49.428013,MB-MAIN-e2e67f8f,,https://zenodo.org/records/15777016
carbon_stock-e2e67f8f-2,agbc,mean_act,tC/ha,37.0,MB-MAIN-e2e67f8f,,https://zenodo.org/records/15777016
carbon_stock-e2e67f8f-3,agbc,mean_prim,tC/ha,37.0,MB-MAIN-e2e67f8f,,https://zenodo.org/records/15777016
carbon_stock-e2e67f8f-4,bgbc,area_ha,ha,49.428013,MB-MAIN-e2e67f8f,,https://zenodo.org/records/15777016
carbon_stock-e2e67f8f-5,bgbc,mean_act,tC/ha,9.0,MB-MAIN-e2e67f8f,,https://zenodo.org/records/15777016
carbon_stock-e2e67f8f-6,bgbc,mean_prim,tC/ha,9.0,MB-MAIN-e2e67f8f,,https://zenodo.org/records/15777016
carbon_stock-e2e67f8f-7,soc,area_ha,ha,49.428013,MB-MAIN-e2e67f8f,,https://zenodo.org/records/15777016
carbon_stock-e2e67f8f-8,soc,mean_act,tC/ha,78.0,MB-MAIN-e2e67f8f,,https://zenodo.org/records/15777016
carbon_stock-e2e67f8f-9,soc,mean_prim,tC/ha,78.0,MB-MAIN-e2e67f8f,,https://zenodo.org/records/15777016
carbon_stock-f7fde5b4-1,agbc,area_ha,ha,50.332676,MB-MAIN-f7fde5b4,,https://zenodo.org/records/15777016
carbon_stock-f7fde5b4-2,agbc,mean_act,tC/ha,17.0,MB-MAIN-f7fde5b4,,https://zenodo.org/records/15777016
carbon_stock-f7fde5b4-3,agbc,mean_prim,tC/ha,32.0,MB-MAIN-f7fde5b4,,https://zenodo.org/records/15777016
carbon_stock-f7fde5b4-4,bgbc,area_ha,ha,50.332676,MB-MAIN-f7fde5b4,,https://zenodo.org/records/15777016
carbon_stock-f7fde5b4-5,bgbc,mean_act,tC/ha,5.0,MB-MAIN-f7fde5b4,,https://zenodo.org/records/15777016
carbon_stock-f7fde5b4-6,bgbc,mean_prim,tC/ha,9.0,MB-MAIN-f7fde5b4,,https://zenodo.org/records/15777016
carbon_stock-f7fde5b4-7,soc,area_ha,ha,50.332676,MB-MAIN-f7fde5b4,,https://zenodo.org/records/15777016
carbon_stock-f7fde5b4-8,soc,mean_act,tC/ha,87.0,MB-MAIN-f7fde5b4,,https://zenodo.org/records/15777016
carbon_stock-f7fde5b4-9,soc,mean_prim,tC/ha,87.0,MB-MAIN-f7fde5b4,,https://zenodo.org/records/15777016
carbon_stock-0c5b40d8-1,agbc,area_ha,ha,57.578922,NB-MAIN-0c5b40d8,,https://zenodo.org/records/15777016
carbon_stock-0c5b40d8-2,agbc,mean_act,tC/ha,49.0,NB-MAIN-0c5b40d8,,https://zenodo.org/records/15777016
carbon_stock-0c5b40d8-3,agbc,mean_prim,tC/ha,56.0,NB-MAIN-0c5b40d8,,https://zenodo.org/records/15777016
carbon_stock-0c5b40d8-4,bgbc,area_ha,ha,57.578922,NB-MAIN-0c5b40d8,,https://zenodo.org/records/15777016
carbon_stock-0c5b40d8-5,bgbc,mean_act,tC/ha,13.0,NB-MAIN-0c5b40d8,,https://zenodo.org/records/15777016
carbon_stock-0c5b40d8-6,bgbc,mean_prim,tC/ha,15.0,NB-MAIN-0c5b40d8,,https://zenodo.org/records/15777016
carbon_stock-0c5b40d8-7,soc,area_ha,ha,57.578922,NB-MAIN-0c5b40d8,,https://zenodo.org/records/15777016
carbon_stock-0c5b40d8-8,soc,mean_act,tC/ha,69.0,NB-MAIN-0c5b40d8,,https://zenodo.org/records/15777016
carbon_stock-0c5b40d8-9,soc,mean_prim,tC/ha,85.0,NB-MAIN-0c5b40d8,,https://zenodo.org/records/15777016
carbon_stock-3e7d42ac-1,agbc,area_ha,ha,59.45221,NB-MAIN-3e7d42ac,,https://zenodo.org/records/15777016
carbon_stock-3e7d42ac-2,agbc,mean_act,tC/ha,23.0,NB-MAIN-3e7d42ac,,https://zenodo.org/records/15777016
carbon_stock-3e7d42ac-3,agbc,mean_prim,tC/ha,54.0,NB-MAIN-3e7d42ac,,https://zenodo.org/records/15777016
carbon_stock-3e7d42ac-4,bgbc,area_ha,ha,59.45221,NB-MAIN-3e7d42ac,,https://zenodo.org/records/15777016
carbon_stock-3e7d42ac-5,bgbc,mean_act,tC/ha,6.0,NB-MAIN-3e7d42ac,,https://zenodo.org/records/15777016
carbon_stock-3e7d42ac-6,bgbc,mean_prim,tC/ha,15.0,NB-MAIN-3e7d42ac,,https://zenodo.org/records/15777016
carbon_stock-3e7d42ac-7,soc,area_ha,ha,59.45221,NB-MAIN-3e7d42ac,,https://zenodo.org/records/15777016
carbon_stock-3e7d42ac-8,soc,mean_act,tC/ha,80.0,NB-MAIN-3e7d42ac,,https://zenodo.org/records/15777016
carbon_stock-3e7d42ac-9,soc,mean_prim,tC/ha,86.0,NB-MAIN-3e7d42ac,,https://zenodo.org/records/15777016
carbon_stock-8e04eb21-1,agbc,area_ha,ha,57.976154,NB-MAIN-8e04eb21,,https://zenodo.org/records/15777016
carbon_stock-8e04eb21-2,agbc,mean_act,tC/ha,40.0,NB-MAIN-8e04eb21,,https://zenodo.org/records/15777016
carbon_stock-8e04eb21-3,agbc,mean_prim,tC/ha,56.0,NB-MAIN-8e04eb21,,https://zenodo.org/records/15777016
carbon_stock-8e04eb21-4,bgbc,area_ha,ha,57.976154,NB-MAIN-8e04eb21,,https://zenodo.org/records/15777016
carbon_stock-8e04eb21-5,bgbc,mean_act,tC/ha,10.0,NB-MAIN-8e04eb21,,https://zenodo.org/records/15777016
carbon_stock-8e04eb21-6,bgbc,mean_prim,tC/ha,15.0,NB-MAIN-8e04eb21,,https://zenodo.org/records/15777016
carbon_stock-8e04eb21-7,soc,area_ha,ha,57.976154,NB-MAIN-8e04eb21,,https://zenodo.org/records/15777016
carbon_stock-8e04eb21-8,soc,mean_act,tC/ha,100.0,NB-MAIN-8e04eb21,,https://zenodo.org/records/15777016
carbon_stock-8e04eb21-9,soc,mean_prim,tC/ha,100.0,NB-MAIN-8e04eb21,,https://zenodo.org/records/15777016
carbon_stock-c1e4dee0-1,agbc,area_ha,ha,59.398125,NB-MAIN-c1e4dee0,,https://zenodo.org/records/15777016
carbon_stock-c1e4dee0-2,agbc,mean_act,tC/ha,15.0,NB-MAIN-c1e4dee0,,https://zenodo.org/records/15777016
carbon_stock-c1e4dee0-3,agbc,mean_prim,tC/ha,56.0,NB-MAIN-c1e4dee0,,https://zenodo.org/records/15777016
carbon_stock-c1e4dee0-4,bgbc,area_ha,ha,59.398125,NB-MAIN-c1e4dee0,,https://zenodo.org/records/15777016
carbon_stock-c1e4dee0-5,bgbc,mean_act,tC/ha,4.0,NB-MAIN-c1e4dee0,,https://zenodo.org/records/15777016
carbon_stock-c1e4dee0-6,bgbc,mean_prim,tC/ha,16.0,NB-MAIN-c1e4dee0,,https://zenodo.org/records/15777016
carbon_stock-c1e4dee0-7,soc,area_ha,ha,59.398125,NB-MAIN-c1e4dee0,,https://zenodo.org/records/15777016
carbon_stock-c1e4dee0-8,soc,mean_act,tC/ha,83.0,NB-MAIN-c1e4dee0,,https://zenodo.org/records/15777016
carbon_stock-c1e4dee0-9,soc,mean_prim,tC/ha,85.0,NB-MAIN-c1e4dee0,,https://zenodo.org/records/15777016
carbon_stock-f58cc895-1,agbc,area_ha,ha,59.253677,NB-MAIN-f58cc895,,https://zenodo.org/records/15777016
carbon_stock-f58cc895-2,agbc,mean_act,tC/ha,44.0,NB-MAIN-f58cc895,,https://zenodo.org/records/15777016
carbon_stock-f58cc895-3,agbc,mean_prim,tC/ha,59.0,NB-MAIN-f58cc895,,https://zenodo.org/records/15777016
carbon_stock-f58cc895-4,bgbc,area_ha,ha,59.253677,NB-MAIN-f58cc895,,https://zenodo.org/records/15777016
carbon_stock-f58cc895-5,bgbc,mean_act,tC/ha,12.0,NB-MAIN-f58cc895,,https://zenodo.org/records/15777016
carbon_stock-f58cc895-6,bgbc,mean_prim,tC/ha,16.0,NB-MAIN-f58cc895,,https://zenodo.org/records/15777016
carbon_stock-f58cc895-7,soc,area_ha,ha,59.253677,NB-MAIN-f58cc895,,https://zenodo.org/records/15777016
carbon_stock-f58cc895-8,soc,mean_act,tC/ha,94.0,NB-MAIN-f58cc895,,https://zenodo.org/records/15777016
carbon_stock-f58cc895-9,soc,mean_prim,tC/ha,98.0,NB-MAIN-f58cc895,,https://zenodo.org/records/15777016
carbon_stock-18695c6d-1,agbc,area_ha,ha,51.76851,NL-MAIN-18695c6d,,https://zenodo.org/records/15777016
carbon_stock-18695c6d-2,agbc,mean_act,tC/ha,,NL-MAIN-18695c6d,,https://zenodo.org/records/15777016
carbon_stock-18695c6d-3,agbc,mean_prim,tC/ha,,NL-MAIN-18695c6d,,https://zenodo.org/records/15777016
carbon_stock-18695c6d-4,bgbc,area_ha,ha,51.76851,NL-MAIN-18695c6d,,https://zenodo.org/records/15777016
carbon_stock-18695c6d-5,bgbc,mean_act,tC/ha,,NL-MAIN-18695c6d,,https://zenodo.org/records/15777016
carbon_stock-18695c6d-6,bgbc,mean_prim,tC/ha,,NL-MAIN-18695c6d,,https://zenodo.org/records/15777016
carbon_stock-18695c6d-7,soc,area_ha,ha,51.76851,NL-MAIN-18695c6d,,https://zenodo.org/records/15777016
carbon_stock-18695c6d-8,soc,mean_act,tC/ha,,NL-MAIN-18695c6d,,https://zenodo.org/records/15777016
carbon_stock-18695c6d-9,soc,mean_prim,tC/ha,,NL-MAIN-18695c6d,,https://zenodo.org/records/15777016
carbon_stock-251d6364-1,agbc,area_ha,ha,56.65583,NL-MAIN-251d6364,,https://zenodo.org/records/15777016
carbon_stock-251d6364-2,agbc,mean_act,tC/ha,29.0,NL-MAIN-251d6364,,https://zenodo.org/records/15777016
carbon_stock-251d6364-3,agbc,mean_prim,tC/ha,47.0,NL-MAIN-251d6364,,https://zenodo.org/records/15777016
carbon_stock-251d6364-4,bgbc,area_ha,ha,56.65583,NL-MAIN-251d6364,,https://zenodo.org/records/15777016
carbon_stock-251d6364-5,bgbc,mean_act,tC/ha,8.0,NL-MAIN-251d6364,,https://zenodo.org/records/15777016
carbon_stock-251d6364-6,bgbc,mean_prim,tC/ha,13.0,NL-MAIN-251d6364,,https://zenodo.org/records/15777016
carbon_stock-251d6364-7,soc,area_ha,ha,56.65583,NL-MAIN-251d6364,,https://zenodo.org/records/15777016
carbon_stock-251d6364-8,soc,mean_act,tC/ha,98.0,NL-MAIN-251d6364,,https://zenodo.org/records/15777016
carbon_stock-251d6364-9,soc,mean_prim,tC/ha,111.0,NL-MAIN-251d6364,,https://zenodo.org/records/15777016
carbon_stock-2d8801d6-1,agbc,area_ha,ha,47.60439,NL-MAIN-2d8801d6,,https://zenodo.org/records/15777016
carbon_stock-2d8801d6-2,agbc,mean_act,tC/ha,14.0,NL-MAIN-2d8801d6,,https://zenodo.org/records/15777016
carbon_stock-2d8801d6-3,agbc,mean_prim,tC/ha,17.0,NL-MAIN-2d8801d6,,https://zenodo.org/records/15777016
carbon_stock-2d8801d6-4,bgbc,area_ha,ha,47.60439,NL-MAIN-2d8801d6,,https://zenodo.org/records/15777016
carbon_stock-2d8801d6-5,bgbc,mean_act,tC/ha,3.0,NL-MAIN-2d8801d6,,https://zenodo.org/records/15777016
carbon_stock-2d8801d6-6,bgbc,mean_prim,tC/ha,5.0,NL-MAIN-2d8801d6,,https://zenodo.org/records/15777016
carbon_stock-2d8801d6-7,soc,area_ha,ha,47.60439,NL-MAIN-2d8801d6,,https://zenodo.org/records/15777016
carbon_stock-2d8801d6-8,soc,mean_act,tC/ha,96.0,NL-MAIN-2d8801d6,,https://zenodo.org/records/15777016
carbon_stock-2d8801d6-9,soc,mean_prim,tC/ha,96.0,NL-MAIN-2d8801d6,,https://zenodo.org/records/15777016
carbon_stock-842ba1b4-1,agbc,area_ha,ha,55.368633,NL-MAIN-842ba1b4,,https://zenodo.org/records/15777016
carbon_stock-842ba1b4-2,agbc,mean_act,tC/ha,13.0,NL-MAIN-842ba1b4,,https://zenodo.org/records/15777016
carbon_stock-842ba1b4-3,agbc,mean_prim,tC/ha,28.0,NL-MAIN-842ba1b4,,https://zenodo.org/records/15777016
carbon_stock-842ba1b4-4,bgbc,area_ha,ha,55.368633,NL-MAIN-842ba1b4,,https://zenodo.org/records/15777016
carbon_stock-842ba1b4-5,bgbc,mean_act,tC/ha,3.0,NL-MAIN-842ba1b4,,https://zenodo.org/records/15777016
carbon_stock-842ba1b4-6,bgbc,mean_prim,tC/ha,8.0,NL-MAIN-842ba1b4,,https://zenodo.org/records/15777016
carbon_stock-842ba1b4-7,soc,area_ha,ha,55.368633,NL-MAIN-842ba1b4,,https://zenodo.org/records/15777016
carbon_stock-842ba1b4-8,soc,mean_act,tC/ha,59.0,NL-MAIN-842ba1b4,,https://zenodo.org/records/15777016
carbon_stock-842ba1b4-9,soc,mean_prim,tC/ha,101.0,NL-MAIN-842ba1b4,,https://zenodo.org/records/15777016
carbon_stock-895cb178-1,agbc,area_ha,ha,56.52434,NL-MAIN-895cb178,,https://zenodo.org/records/15777016
carbon_stock-895cb178-2,agbc,mean_act,tC/ha,9.0,NL-MAIN-895cb178,,https://zenodo.org/records/15777016
carbon_stock-895cb178-3,agbc,mean_prim,tC/ha,26.0,NL-MAIN-895cb178,,https://zenodo.org/records/15777016
carbon_stock-895cb178-4,bgbc,area_ha,ha,56.52434,NL-MAIN-895cb178,,https://zenodo.org/records/15777016
carbon_stock-895cb178-5,bgbc,mean_act,tC/ha,3.0,NL-MAIN-895cb178,,https://zenodo.org/records/15777016
carbon_stock-895cb178-6,bgbc,mean_prim,tC/ha,7.0,NL-MAIN-895cb178,,https://zenodo.org/records/15777016
carbon_stock-895cb178-7,soc,area_ha,ha,56.52434,NL-MAIN-895cb178,,https://zenodo.org/records/15777016
carbon_stock-895cb178-8,soc,mean_act,tC/ha,137.0,NL-MAIN-895cb178,,https://zenodo.org/records/15777016
carbon_stock-895cb178-9,soc,mean_prim,tC/ha,137.0,NL-MAIN-895cb178,,https://zenodo.org/records/15777016
carbon_stock-a498ddc6-1,agbc,area_ha,ha,49.754246,NL-MAIN-a498ddc6,,https://zenodo.org/records/15777016
carbon_stock-a498ddc6-2,agbc,mean_act,tC/ha,27.0,NL-MAIN-a498ddc6,,https://zenodo.org/records/15777016
carbon_stock-a498ddc6-3,agbc,mean_prim,tC/ha,27.0,NL-MAIN-a498ddc6,,https://zenodo.org/records/15777016
carbon_stock-a498ddc6-4,bgbc,area_ha,ha,49.754246,NL-MAIN-a498ddc6,,https://zenodo.org/records/15777016
carbon_stock-a498ddc6-5,bgbc,mean_act,tC/ha,7.0,NL-MAIN-a498ddc6,,https://zenodo.org/records/15777016
carbon_stock-a498ddc6-6,bgbc,mean_prim,tC/ha,7.0,NL-MAIN-a498ddc6,,https://zenodo.org/records/15777016
carbon_stock-a498ddc6-7,soc,area_ha,ha,49.754246,NL-MAIN-a498ddc6,,https://zenodo.org/records/15777016
carbon_stock-a498ddc6-8,soc,mean_act,tC/ha,109.0,NL-MAIN-a498ddc6,,https://zenodo.org/records/15777016
carbon_stock-a498ddc6-9,soc,mean_prim,tC/ha,109.0,NL-MAIN-a498ddc6,,https://zenodo.org/records/15777016
carbon_stock-b64bae7a-1,agbc,area_ha,ha,51.788433,NL-MAIN-b64bae7a,,https://zenodo.org/records/15777016
carbon_stock-b64bae7a-2,agbc,mean_act,tC/ha,7.0,NL-MAIN-b64bae7a,,https://zenodo.org/records/15777016
carbon_stock-b64bae7a-3,agbc,mean_prim,tC/ha,14.0,NL-MAIN-b64bae7a,,https://zenodo.org/records/15777016
carbon_stock-b64bae7a-4,bgbc,area_ha,ha,51.788433,NL-MAIN-b64bae7a,,https://zenodo.org/records/15777016
carbon_stock-b64bae7a-5,bgbc,mean_act,tC/ha,2.0,NL-MAIN-b64bae7a,,https://zenodo.org/records/15777016
carbon_stock-b64bae7a-6,bgbc,mean_prim,tC/ha,4.0,NL-MAIN-b64bae7a,,https://zenodo.org/records/15777016
carbon_stock-b64bae7a-7,soc,area_ha,ha,51.788433,NL-MAIN-b64bae7a,,https://zenodo.org/records/15777016
carbon_stock-b64bae7a-8,soc,mean_act,tC/ha,109.0,NL-MAIN-b64bae7a,,https://zenodo.org/records/15777016
carbon_stock-b64bae7a-9,soc,mean_prim,tC/ha,109.0,NL-MAIN-b64bae7a,,https://zenodo.org/records/15777016
carbon_stock-bb23d8a6-1,agbc,area_ha,ha,57.030224,NL-MAIN-bb23d8a6,,https://zenodo.org/records/15777016
carbon_stock-bb23d8a6-2,agbc,mean_act,tC/ha,31.0,NL-MAIN-bb23d8a6,,https://zenodo.org/records/15777016
carbon_stock-bb23d8a6-3,agbc,mean_prim,tC/ha,31.0,NL-MAIN-bb23d8a6,,https://zenodo.org/records/15777016
carbon_stock-bb23d8a6-4,bgbc,area_ha,ha,57.030224,NL-MAIN-bb23d8a6,,https://zenodo.org/records/15777016
carbon_stock-bb23d8a6-5,bgbc,mean_act,tC/ha,8.0,NL-MAIN-bb23d8a6,,https://zenodo.org/records/15777016
carbon_stock-bb23d8a6-6,bgbc,mean_prim,tC/ha,8.0,NL-MAIN-bb23d8a6,,https://zenodo.org/records/15777016
carbon_stock-bb23d8a6-7,soc,area_ha,ha,57.030224,NL-MAIN-bb23d8a6,,https://zenodo.org/records/15777016
carbon_stock-bb23d8a6-8,soc,mean_act,tC/ha,121.0,NL-MAIN-bb23d8a6,,https://zenodo.org/records/15777016
carbon_stock-bb23d8a6-9,soc,mean_prim,tC/ha,130.0,NL-MAIN-bb23d8a6,,https://zenodo.org/records/15777016
carbon_stock-c139de6d-1,agbc,area_ha,ha,55.292236,NL-MAIN-c139de6d,,https://zenodo.org/records/15777016
carbon_stock-c139de6d-2,agbc,mean_act,tC/ha,20.0,NL-MAIN-c139de6d,,https://zenodo.org/records/15777016
carbon_stock-c139de6d-3,agbc,mean_prim,tC/ha,29.0,NL-MAIN-c139de6d,,https://zenodo.org/records/15777016
carbon_stock-c139de6d-4,bgbc,area_ha,ha,55.292236,NL-MAIN-c139de6d,,https://zenodo.org/records/15777016
carbon_stock-c139de6d-5,bgbc,mean_act,tC/ha,7.0,NL-MAIN-c139de6d,,https://zenodo.org/records/15777016
carbon_stock-c139de6d-6,bgbc,mean_prim,tC/ha,8.0,NL-MAIN-c139de6d,,https://zenodo.org/records/15777016
carbon_stock-c139de6d-7,soc,area_ha,ha,55.292236,NL-MAIN-c139de6d,,https://zenodo.org/records/15777016
carbon_stock-c139de6d-8,soc,mean_act,tC/ha,120.0,NL-MAIN-c139de6d,,https://zenodo.org/records/15777016
carbon_stock-c139de6d-9,soc,mean_prim,tC/ha,120.0,NL-MAIN-c139de6d,,https://zenodo.org/records/15777016
carbon_stock-d9036091-1,agbc,area_ha,ha,58.105,NL-MAIN-d9036091,,https://zenodo.org/records/15777016
carbon_stock-d9036091-2,agbc,mean_act,tC/ha,18.0,NL-MAIN-d9036091,,https://zenodo.org/records/15777016
carbon_stock-d9036091-3,agbc,mean_prim,tC/ha,25.0,NL-MAIN-d9036091,,https://zenodo.org/records/15777016
carbon_stock-d9036091-4,bgbc,area_ha,ha,58.105,NL-MAIN-d9036091,,https://zenodo.org/records/15777016
carbon_stock-d9036091-5,bgbc,mean_act,tC/ha,5.0,NL-MAIN-d9036091,,https://zenodo.org/records/15777016
carbon_stock-d9036091-6,bgbc,mean_prim,tC/ha,8.0,NL-MAIN-d9036091,,https://zenodo.org/records/15777016
carbon_stock-d9036091-7,soc,area_ha,ha,58.105,NL-MAIN-d9036091,,https://zenodo.org/records/15777016
carbon_stock-d9036091-8,soc,mean_act,tC/ha,142.0,NL-MAIN-d9036091,,https://zenodo.org/records/15777016
carbon_stock-d9036091-9,soc,mean_prim,tC/ha,142.0,NL-MAIN-d9036091,,https://zenodo.org/records/15777016
carbon_stock-dd723db4-1,agbc,area_ha,ha,51.628918,NL-MAIN-dd723db4,,https://zenodo.org/records/15777016
carbon_stock-dd723db4-2,agbc,mean_act,tC/ha,11.0,NL-MAIN-dd723db4,,https://zenodo.org/records/15777016
carbon_stock-dd723db4-3,agbc,mean_prim,tC/ha,14.0,NL-MAIN-dd723db4,,https://zenodo.org/records/15777016
carbon_stock-dd723db4-4,bgbc,area_ha,ha,51.628918,NL-MAIN-dd723db4,,https://zenodo.org/records/15777016
carbon_stock-dd723db4-5,bgbc,mean_act,tC/ha,3.0,NL-MAIN-dd723db4,,https://zenodo.org/records/15777016
carbon_stock-dd723db4-6,bgbc,mean_prim,tC/ha,4.0,NL-MAIN-dd723db4,,https://zenodo.org/records/15777016
carbon_stock-dd723db4-7,soc,area_ha,ha,51.628918,NL-MAIN-dd723db4,,https://zenodo.org/records/15777016
carbon_stock-dd723db4-8,soc,mean_act,tC/ha,114.0,NL-MAIN-dd723db4,,https://zenodo.org/records/15777016
carbon_stock-dd723db4-9,soc,mean_prim,tC/ha,114.0,NL-MAIN-dd723db4,,https://zenodo.org/records/15777016
carbon_stock-e09881ff-1,agbc,area_ha,ha,49.387157,NL-MAIN-e09881ff,GRP-2a663492,https://zenodo.org/records/15777016
carbon_stock-e09881ff-2,agbc,mean_act,tC/ha,6.0,NL-MAIN-e09881ff,GRP-2a663492,https://zenodo.org/records/15777016
carbon_stock-e09881ff-3,agbc,mean_prim,tC/ha,7.0,NL-MAIN-e09881ff,GRP-2a663492,https://zenodo.org/records/15777016
carbon_stock-e09881ff-4,bgbc,area_ha,ha,49.387157,NL-MAIN-e09881ff,GRP-2a663492,https://zenodo.org/records/15777016
carbon_stock-e09881ff-5,bgbc,mean_act,tC/ha,2.0,NL-MAIN-e09881ff,GRP-2a663492,https://zenodo.org/records/15777016
carbon_stock-e09881ff-6,bgbc,mean_prim,tC/ha,2.0,NL-MAIN-e09881ff,GRP-2a663492,https://zenodo.org/records/15777016
carbon_stock-e09881ff-7,soc,area_ha,ha,49.387157,NL-MAIN-e09881ff,GRP-2a663492,https://zenodo.org/records/15777016
carbon_stock-e09881ff-8,soc,mean_act,tC/ha,89.0,NL-MAIN-e09881ff,GRP-2a663492,https://zenodo.org/records/15777016
carbon_stock-e09881ff-9,soc,mean_prim,tC/ha,89.0,NL-MAIN-e09881ff,GRP-2a663492,https://zenodo.org/records/15777016
carbon_stock-f021107e-1,agbc,area_ha,ha,55.234886,NL-MAIN-f021107e,,https://zenodo.org/records/15777016
carbon_stock-f021107e-2,agbc,mean_act,tC/ha,30.0,NL-MAIN-f021107e,,https://zenodo.org/records/15777016
carbon_stock-f021107e-3,agbc,mean_prim,tC/ha,36.0,NL-MAIN-f021107e,,https://zenodo.org/records/15777016
carbon_stock-f021107e-4,bgbc,area_ha,ha,55.234886,NL-MAIN-f021107e,,https://zenodo.org/records/15777016
carbon_stock-f021107e-5,bgbc,mean_act,tC/ha,9.0,NL-MAIN-f021107e,,https://zenodo.org/records/15777016
carbon_stock-f021107e-6,bgbc,mean_prim,tC/ha,11.0,NL-MAIN-f021107e,,https://zenodo.org/records/15777016
carbon_stock-f021107e-7,soc,area_ha,ha,55.234886,NL-MAIN-f021107e,,https://zenodo.org/records/15777016
carbon_stock-f021107e-8,soc,mean_act,tC/ha,132.0,NL-MAIN-f021107e,,https://zenodo.org/records/15777016
carbon_stock-f021107e-9,soc,mean_prim,tC/ha,132.0,NL-MAIN-f021107e,,https://zenodo.org/records/15777016
carbon_stock-c9c77a59-1,agbc,area_ha,ha,60.736576,NS-MAIN-c9c77a59,,https://zenodo.org/records/15777016
carbon_stock-c9c77a59-2,agbc,mean_act,tC/ha,39.0,NS-MAIN-c9c77a59,,https://zenodo.org/records/15777016
carbon_stock-c9c77a59-3,agbc,mean_prim,tC/ha,51.0,NS-MAIN-c9c77a59,,https://zenodo.org/records/15777016
carbon_stock-c9c77a59-4,bgbc,area_ha,ha,60.736576,NS-MAIN-c9c77a59,,https://zenodo.org/records/15777016
carbon_stock-c9c77a59-5,bgbc,mean_act,tC/ha,11.0,NS-MAIN-c9c77a59,,https://zenodo.org/records/15777016
carbon_stock-c9c77a59-6,bgbc,mean_prim,tC/ha,14.0,NS-MAIN-c9c77a59,,https://zenodo.org/records/15777016
carbon_stock-c9c77a59-7,soc,area_ha,ha,60.736576,NS-MAIN-c9c77a59,,https://zenodo.org/records/15777016
carbon_stock-c9c77a59-8,soc,mean_act,tC/ha,78.0,NS-MAIN-c9c77a59,,https://zenodo.org/records/15777016
carbon_stock-c9c77a59-9,soc,mean_prim,tC/ha,107.0,NS-MAIN-c9c77a59,,https://zenodo.org/records/15777016
carbon_stock-0ec39ce0-1,agbc,area_ha,ha,36.97073,NT-MAIN-0ec39ce0,,https://zenodo.org/records/15777016
carbon_stock-0ec39ce0-2,agbc,mean_act,tC/ha,0.0,NT-MAIN-0ec39ce0,,https://zenodo.org/records/15777016
carbon_stock-0ec39ce0-3,agbc,mean_prim,tC/ha,1.0,NT-MAIN-0ec39ce0,,https://zenodo.org/records/15777016
carbon_stock-0ec39ce0-4,bgbc,area_ha,ha,36.97073,NT-MAIN-0ec39ce0,,https://zenodo.org/records/15777016
carbon_stock-0ec39ce0-5,bgbc,mean_act,tC/ha,0.0,NT-MAIN-0ec39ce0,,https://zenodo.org/records/15777016
carbon_stock-0ec39ce0-6,bgbc,mean_prim,tC/ha,0.0,NT-MAIN-0ec39ce0,,https://zenodo.org/records/15777016
carbon_stock-0ec39ce0-7,soc,area_ha,ha,36.97073,NT-MAIN-0ec39ce0,,https://zenodo.org/records/15777016
carbon_stock-0ec39ce0-8,soc,mean_act,tC/ha,44.0,NT-MAIN-0ec39ce0,,https://zenodo.org/records/15777016
carbon_stock-0ec39ce0-9,soc,mean_prim,tC/ha,68.0,NT-MAIN-0ec39ce0,,https://zenodo.org/records/15777016
carbon_stock-4f11f183-1,agbc,area_ha,ha,40.15039,NT-MAIN-4f11f183,,https://zenodo.org/records/15777016
carbon_stock-4f11f183-2,agbc,mean_act,tC/ha,16.0,NT-MAIN-4f11f183,,https://zenodo.org/records/15777016
carbon_stock-4f11f183-3,agbc,mean_prim,tC/ha,21.0,NT-MAIN-4f11f183,,https://zenodo.org/records/15777016
carbon_stock-4f11f183-4,bgbc,area_ha,ha,40.15039,NT-MAIN-4f11f183,,https://zenodo.org/records/15777016
carbon_stock-4f11f183-5,bgbc,mean_act,tC/ha,5.0,NT-MAIN-4f11f183,,https://zenodo.org/records/15777016
carbon_stock-4f11f183-6,bgbc,mean_prim,tC/ha,6.0,NT-MAIN-4f11f183,,https://zenodo.org/records/15777016
carbon_stock-4f11f183-7,soc,area_ha,ha,40.15039,NT-MAIN-4f11f183,,https://zenodo.org/records/15777016
carbon_stock-4f11f183-8,soc,mean_act,tC/ha,32.0,NT-MAIN-4f11f183,,https://zenodo.org/records/15777016
carbon_stock-4f11f183-9,soc,mean_prim,tC/ha,42.0,NT-MAIN-4f11f183,,https://zenodo.org/records/15777016
carbon_stock-6c1d6ee6-1,agbc,area_ha,ha,36.67741,NT-MAIN-6c1d6ee6,,https://zenodo.org/records/15777016
carbon_stock-6c1d6ee6-2,agbc,mean_act,tC/ha,1.0,NT-MAIN-6c1d6ee6,,https://zenodo.org/records/15777016
carbon_stock-6c1d6ee6-3,agbc,mean_prim,tC/ha,2.0,NT-MAIN-6c1d6ee6,,https://zenodo.org/records/15777016
carbon_stock-6c1d6ee6-4,bgbc,area_ha,ha,36.67741,NT-MAIN-6c1d6ee6,,https://zenodo.org/records/15777016
carbon_stock-6c1d6ee6-5,bgbc,mean_act,tC/ha,0.0,NT-MAIN-6c1d6ee6,,https://zenodo.org/records/15777016
carbon_stock-6c1d6ee6-6,bgbc,mean_prim,tC/ha,1.0,NT-MAIN-6c1d6ee6,,https://zenodo.org/records/15777016
carbon_stock-6c1d6ee6-7,soc,area_ha,ha,36.67741,NT-MAIN-6c1d6ee6,,https://zenodo.org/records/15777016
carbon_stock-6c1d6ee6-8,soc,mean_act,tC/ha,62.0,NT-MAIN-6c1d6ee6,,https://zenodo.org/records/15777016
carbon_stock-6c1d6ee6-9,soc,mean_prim,tC/ha,67.0,NT-MAIN-6c1d6ee6,,https://zenodo.org/records/15777016
carbon_stock-94e652a5-1,agbc,area_ha,ha,38.384636,NT-MAIN-94e652a5,,https://zenodo.org/records/15777016
carbon_stock-94e652a5-2,agbc,mean_act,tC/ha,,NT-MAIN-94e652a5,,https://zenodo.org/records/15777016
carbon_stock-94e652a5-3,agbc,mean_prim,tC/ha,,NT-MAIN-94e652a5,,https://zenodo.org/records/15777016
carbon_stock-94e652a5-4,bgbc,area_ha,ha,38.384636,NT-MAIN-94e652a5,,https://zenodo.org/records/15777016
carbon_stock-94e652a5-5,bgbc,mean_act,tC/ha,,NT-MAIN-94e652a5,,https://zenodo.org/records/15777016
carbon_stock-94e652a5-6,bgbc,mean_prim,tC/ha,,NT-MAIN-94e652a5,,https://zenodo.org/records/15777016
carbon_stock-94e652a5-7,soc,area_ha,ha,38.384636,NT-MAIN-94e652a5,,https://zenodo.org/records/15777016
carbon_stock-94e652a5-8,soc,mean_act,tC/ha,,NT-MAIN-94e652a5,,https://zenodo.org/records/15777016
carbon_stock-94e652a5-9,soc,mean_prim,tC/ha,,NT-MAIN-94e652a5,,https://zenodo.org/records/15777016
carbon_stock-b1b28b01-1,agbc,area_ha,ha,40.15039,NT-MAIN-b1b28b01,,https://zenodo.org/records/15777016
carbon_stock-b1b28b01-2,agbc,mean_act,tC/ha,16.0,NT-MAIN-b1b28b01,,https://zenodo.org/records/15777016
carbon_stock-b1b28b01-3,agbc,mean_prim,tC/ha,21.0,NT-MAIN-b1b28b01,,https://zenodo.org/records/15777016
carbon_stock-b1b28b01-4,bgbc,area_ha,ha,40.15039,NT-MAIN-b1b28b01,,https://zenodo.org/records/15777016
carbon_stock-b1b28b01-5,bgbc,mean_act,tC/ha,5.0,NT-MAIN-b1b28b01,,https://zenodo.org/records/15777016
carbon_stock-b1b28b01-6,bgbc,mean_prim,tC/ha,6.0,NT-MAIN-b1b28b01,,https://zenodo.org/records/15777016
carbon_stock-b1b28b01-7,soc,area_ha,ha,40.15039,NT-MAIN-b1b28b01,,https://zenodo.org/records/15777016
carbon_stock-b1b28b01-8,soc,mean_act,tC/ha,32.0,NT-MAIN-b1b28b01,,https://zenodo.org/records/15777016
carbon_stock-b1b28b01-9,soc,mean_prim,tC/ha,42.0,NT-MAIN-b1b28b01,,https://zenodo.org/records/15777016
carbon_stock-b3681e03-1,agbc,area_ha,ha,40.89906,NT-MAIN-b3681e03,,https://zenodo.org/records/15777016
carbon_stock-b3681e03-2,agbc,mean_act,tC/ha,12.0,NT-MAIN-b3681e03,,https://zenodo.org/records/15777016
carbon_stock-b3681e03-3,agbc,mean_prim,tC/ha,19.0,NT-MAIN-b3681e03,,https://zenodo.org/records/15777016
carbon_stock-b3681e03-4,bgbc,area_ha,ha,40.89906,NT-MAIN-b3681e03,,https://zenodo.org/records/15777016
carbon_stock-b3681e03-5,bgbc,mean_act,tC/ha,3.0,NT-MAIN-b3681e03,,https://zenodo.org/records/15777016
carbon_stock-b3681e03-6,bgbc,mean_prim,tC/ha,6.0,NT-MAIN-b3681e03,,https://zenodo.org/records/15777016
carbon_stock-b3681e03-7,soc,area_ha,ha,40.89906,NT-MAIN-b3681e03,,https://zenodo.org/records/15777016
carbon_stock-b3681e03-8,soc,mean_act,tC/ha,93.0,NT-MAIN-b3681e03,,https://zenodo.org/records/15777016
carbon_stock-b3681e03-9,soc,mean_prim,tC/ha,93.0,NT-MAIN-b3681e03,,https://zenodo.org/records/15777016
carbon_stock-b7cdf82c-1,agbc,area_ha,ha,38.250523,NT-MAIN-b7cdf82c,,https://zenodo.org/records/15777016
carbon_stock-b7cdf82c-2,agbc,mean_act,tC/ha,11.0,NT-MAIN-b7cdf82c,,https://zenodo.org/records/15777016
carbon_stock-b7cdf82c-3,agbc,mean_prim,tC/ha,18.0,NT-MAIN-b7cdf82c,,https://zenodo.org/records/15777016
carbon_stock-b7cdf82c-4,bgbc,area_ha,ha,38.250523,NT-MAIN-b7cdf82c,,https://zenodo.org/records/15777016
carbon_stock-b7cdf82c-5,bgbc,mean_act,tC/ha,3.0,NT-MAIN-b7cdf82c,,https://zenodo.org/records/15777016
carbon_stock-b7cdf82c-6,bgbc,mean_prim,tC/ha,5.0,NT-MAIN-b7cdf82c,,https://zenodo.org/records/15777016
carbon_stock-b7cdf82c-7,soc,area_ha,ha,38.250523,NT-MAIN-b7cdf82c,,https://zenodo.org/records/15777016
carbon_stock-b7cdf82c-8,soc,mean_act,tC/ha,49.0,NT-MAIN-b7cdf82c,,https://zenodo.org/records/15777016
carbon_stock-b7cdf82c-9,soc,mean_prim,tC/ha,67.0,NT-MAIN-b7cdf82c,,https://zenodo.org/records/15777016
carbon_stock-b99d4cb2-1,agbc,area_ha,ha,41.796535,NT-MAIN-b99d4cb2,,https://zenodo.org/records/15777016
carbon_stock-b99d4cb2-2,agbc,mean_act,tC/ha,12.0,NT-MAIN-b99d4cb2,,https://zenodo.org/records/15777016
carbon_stock-b99d4cb2-3,agbc,mean_prim,tC/ha,28.0,NT-MAIN-b99d4cb2,,https://zenodo.org/records/15777016
carbon_stock-b99d4cb2-4,bgbc,area_ha,ha,41.796535,NT-MAIN-b99d4cb2,,https://zenodo.org/records/15777016
carbon_stock-b99d4cb2-5,bgbc,mean_act,tC/ha,3.0,NT-MAIN-b99d4cb2,,https://zenodo.org/records/15777016
carbon_stock-b99d4cb2-6,bgbc,mean_prim,tC/ha,8.0,NT-MAIN-b99d4cb2,,https://zenodo.org/records/15777016
carbon_stock-b99d4cb2-7,soc,area_ha,ha,41.796535,NT-MAIN-b99d4cb2,,https://zenodo.org/records/15777016
carbon_stock-b99d4cb2-8,soc,mean_act,tC/ha,94.0,NT-MAIN-b99d4cb2,,https://zenodo.org/records/15777016
carbon_stock-b99d4cb2-9,soc,mean_prim,tC/ha,95.0,NT-MAIN-b99d4cb2,,https://zenodo.org/records/15777016
carbon_stock-1ef8af2c-1,agbc,area_ha,ha,35.43069,NU-MAIN-1ef8af2c,,https://zenodo.org/records/15777016
carbon_stock-1ef8af2c-2,agbc,mean_act,tC/ha,,NU-MAIN-1ef8af2c,,https://zenodo.org/records/15777016
carbon_stock-1ef8af2c-3,agbc,mean_prim,tC/ha,,NU-MAIN-1ef8af2c,,https://zenodo.org/records/15777016
carbon_stock-1ef8af2c-4,bgbc,area_ha,ha,35.43069,NU-MAIN-1ef8af2c,,https://zenodo.org/records/15777016
carbon_stock-1ef8af2c-5,bgbc,mean_act,tC/ha,,NU-MAIN-1ef8af2c,,https://zenodo.org/records/15777016
carbon_stock-1ef8af2c-6,bgbc,mean_prim,tC/ha,,NU-MAIN-1ef8af2c,,https://zenodo.org/records/15777016
carbon_stock-1ef8af2c-7,soc,area_ha,ha,35.43069,NU-MAIN-1ef8af2c,,https://zenodo.org/records/15777016
carbon_stock-1ef8af2c-8,soc,mean_act,tC/ha,,NU-MAIN-1ef8af2c,,https://zenodo.org/records/15777016
carbon_stock-1ef8af2c-9,soc,mean_prim,tC/ha,,NU-MAIN-1ef8af2c,,https://zenodo.org/records/15777016
carbon_stock-4ea8ac9d-1,agbc,area_ha,ha,35.7262,NU-MAIN-4ea8ac9d,GRP-0a2c0d69,https://zenodo.org/records/15777016
carbon_stock-4ea8ac9d-2,agbc,mean_act,tC/ha,0.0,NU-MAIN-4ea8ac9d,GRP-0a2c0d69,https://zenodo.org/records/15777016
carbon_stock-4ea8ac9d-3,agbc,mean_prim,tC/ha,1.0,NU-MAIN-4ea8ac9d,GRP-0a2c0d69,https://zenodo.org/records/15777016
carbon_stock-4ea8ac9d-4,bgbc,area_ha,ha,35.7262,NU-MAIN-4ea8ac9d,GRP-0a2c0d69,https://zenodo.org/records/15777016
carbon_stock-4ea8ac9d-5,bgbc,mean_act,tC/ha,0.0,NU-MAIN-4ea8ac9d,GRP-0a2c0d69,https://zenodo.org/records/15777016
carbon_stock-4ea8ac9d-6,bgbc,mean_prim,tC/ha,0.0,NU-MAIN-4ea8ac9d,GRP-0a2c0d69,https://zenodo.org/records/15777016
carbon_stock-4ea8ac9d-7,soc,area_ha,ha,35.7262,NU-MAIN-4ea8ac9d,GRP-0a2c0d69,https://zenodo.org/records/15777016
carbon_stock-4ea8ac9d-8,soc,mean_act,tC/ha,41.0,NU-MAIN-4ea8ac9d,GRP-0a2c0d69,https://zenodo.org/records/15777016
carbon_stock-4ea8ac9d-9,soc,mean_prim,tC/ha,59.0,NU-MAIN-4ea8ac9d,GRP-0a2c0d69,https://zenodo.org/records/15777016
carbon_stock-5154702a-1,agbc,area_ha,ha,27.475645,NU-MAIN-5154702a,,https://zenodo.org/records/15777016
carbon_stock-5154702a-2,agbc,mean_act,tC/ha,0.0,NU-MAIN-5154702a,,https://zenodo.org/records/15777016
carbon_stock-5154702a-3,agbc,mean_prim,tC/ha,0.0,NU-MAIN-5154702a,,https://zenodo.org/records/15777016
carbon_stock-5154702a-4,bgbc,area_ha,ha,27.475645,NU-MAIN-5154702a,,https://zenodo.org/records/15777016
carbon_stock-5154702a-5,bgbc,mean_act,tC/ha,0.0,NU-MAIN-5154702a,,https://zenodo.org/records/15777016
carbon_stock-5154702a-6,bgbc,mean_prim,tC/ha,0.0,NU-MAIN-5154702a,,https://zenodo.org/records/15777016
carbon_stock-5154702a-7,soc,area_ha,ha,27.475645,NU-MAIN-5154702a,,https://zenodo.org/records/15777016
carbon_stock-5154702a-8,soc,mean_act,tC/ha,38.0,NU-MAIN-5154702a,,https://zenodo.org/records/15777016
carbon_stock-5154702a-9,soc,mean_prim,tC/ha,52.0,NU-MAIN-5154702a,,https://zenodo.org/records/15777016
carbon_stock-730aefe3-1,agbc,area_ha,ha,36.25909,NU-MAIN-730aefe3,GRP-0a2c0d69,https://zenodo.org/records/15777016
carbon_stock-730aefe3-2,agbc,mean_act,tC/ha,0.0,NU-MAIN-730aefe3,GRP-0a2c0d69,https://zenodo.org/records/15777016
carbon_stock-730aefe3-3,agbc,mean_prim,tC/ha,1.0,NU-MAIN-730aefe3,GRP-0a2c0d69,https://zenodo.org/records/15777016
carbon_stock-730aefe3-4,bgbc,area_ha,ha,36.25909,NU-MAIN-730aefe3,GRP-0a2c0d69,https://zenodo.org/records/15777016
carbon_stock-730aefe3-5,bgbc,mean_act,tC/ha,0.0,NU-MAIN-730aefe3,GRP-0a2c0d69,https://zenodo.org/records/15777016
carbon_stock-730aefe3-6,bgbc,mean_prim,tC/ha,0.0,NU-MAIN-730aefe3,GRP-0a2c0d69,https://zenodo.org/records/15777016
carbon_stock-730aefe3-7,soc,area_ha,ha,36.25909,NU-MAIN-730aefe3,GRP-0a2c0d69,https://zenodo.org/records/15777016
carbon_stock-730aefe3-8,soc,mean_act,tC/ha,68.0,NU-MAIN-730aefe3,GRP-0a2c0d69,https://zenodo.org/records/15777016
carbon_stock-730aefe3-9,soc,mean_prim,tC/ha,68.0,NU-MAIN-730aefe3,GRP-0a2c0d69,https://zenodo.org/records/15777016
carbon_stock-8b0264c9-1,agbc,area_ha,ha,38.94216,NU-MAIN-8b0264c9,,https://zenodo.org/records/15777016
carbon_stock-8b0264c9-2,agbc,mean_act,tC/ha,1.0,NU-MAIN-8b0264c9,,https://zenodo.org/records/15777016
carbon_stock-8b0264c9-3,agbc,mean_prim,tC/ha,1.0,NU-MAIN-8b0264c9,,https://zenodo.org/records/15777016
carbon_stock-8b0264c9-4,bgbc,area_ha,ha,38.94216,NU-MAIN-8b0264c9,,https://zenodo.org/records/15777016
carbon_stock-8b0264c9-5,bgbc,mean_act,tC/ha,0.0,NU-MAIN-8b0264c9,,https://zenodo.org/records/15777016
carbon_stock-8b0264c9-6,bgbc,mean_prim,tC/ha,0.0,NU-MAIN-8b0264c9,,https://zenodo.org/records/15777016
carbon_stock-8b0264c9-7,soc,area_ha,ha,38.94216,NU-MAIN-8b0264c9,,https://zenodo.org/records/15777016
carbon_stock-8b0264c9-8,soc,mean_act,tC/ha,42.0,NU-MAIN-8b0264c9,,https://zenodo.org/records/15777016
carbon_stock-8b0264c9-9,soc,mean_prim,tC/ha,43.0,NU-MAIN-8b0264c9,,https://zenodo.org/records/15777016
carbon_stock-8e62bfbc-1,agbc,area_ha,ha,33.025677,NU-MAIN-8e62bfbc,,https://zenodo.org/records/15777016
carbon_stock-8e62bfbc-2,agbc,mean_act,tC/ha,1.0,NU-MAIN-8e62bfbc,,https://zenodo.org/records/15777016
carbon_stock-8e62bfbc-3,agbc,mean_prim,tC/ha,1.0,NU-MAIN-8e62bfbc,,https://zenodo.org/records/15777016
carbon_stock-8e62bfbc-4,bgbc,area_ha,ha,33.025677,NU-MAIN-8e62bfbc,,https://zenodo.org/records/15777016
carbon_stock-8e62bfbc-5,bgbc,mean_act,tC/ha,0.0,NU-MAIN-8e62bfbc,,https://zenodo.org/records/15777016
carbon_stock-8e62bfbc-6,bgbc,mean_prim,tC/ha,0.0,NU-MAIN-8e62bfbc,,https://zenodo.org/records/15777016
carbon_stock-8e62bfbc-7,soc,area_ha,ha,33.025677,NU-MAIN-8e62bfbc,,https://zenodo.org/records/15777016
carbon_stock-8e62bfbc-8,soc,mean_act,tC/ha,49.0,NU-MAIN-8e62bfbc,,https://zenodo.org/records/15777016
carbon_stock-8e62bfbc-9,soc,mean_prim,tC/ha,53.0,NU-MAIN-8e62bfbc,,https://zenodo.org/records/15777016
carbon_stock-eae1621e-1,agbc,area_ha,ha,39.153484,NU-MAIN-eae1621e,,https://zenodo.org/records/15777016
carbon_stock-eae1621e-2,agbc,mean_act,tC/ha,1.0,NU-MAIN-eae1621e,,https://zenodo.org/records/15777016
carbon_stock-eae1621e-3,agbc,mean_prim,tC/ha,1.0,NU-MAIN-eae1621e,,https://zenodo.org/records/15777016
carbon_stock-eae1621e-4,bgbc,area_ha,ha,39.153484,NU-MAIN-eae1621e,,https://zenodo.org/records/15777016
carbon_stock-eae1621e-5,bgbc,mean_act,tC/ha,0.0,NU-MAIN-eae1621e,,https://zenodo.org/records/15777016
carbon_stock-eae1621e-6,bgbc,mean_prim,tC/ha,0.0,NU-MAIN-eae1621e,,https://zenodo.org/records/15777016
carbon_stock-eae1621e-7,soc,area_ha,ha,39.153484,NU-MAIN-eae1621e,,https://zenodo.org/records/15777016
carbon_stock-eae1621e-8,soc,mean_act,tC/ha,35.0,NU-MAIN-eae1621e,,https://zenodo.org/records/15777016
carbon_stock-eae1621e-9,soc,mean_prim,tC/ha,53.0,NU-MAIN-eae1621e,,https://zenodo.org/records/15777016
carbon_stock-020a683c-1,agbc,area_ha,ha,62.51892,ON-MAIN-020a683c,,https://zenodo.org/records/15777016
carbon_stock-020a683c-2,agbc,mean_act,tC/ha,0.0,ON-MAIN-020a683c,,https://zenodo.org/records/15777016
carbon_stock-020a683c-3,agbc,mean_prim,tC/ha,49.0,ON-MAIN-020a683c,,https://zenodo.org/records/15777016
carbon_stock-020a683c-4,bgbc,area_ha,ha,62.51892,ON-MAIN-020a683c,,https://zenodo.org/records/15777016
carbon_stock-020a683c-5,bgbc,mean_act,tC/ha,0.0,ON-MAIN-020a683c,,https://zenodo.org/records/15777016
carbon_stock-020a683c-6,bgbc,mean_prim,tC/ha,13.0,ON-MAIN-020a683c,,https://zenodo.org/records/15777016
carbon_stock-020a683c-7,soc,area_ha,ha,62.51892,ON-MAIN-020a683c,,https://zenodo.org/records/15777016
carbon_stock-020a683c-8,soc,mean_act,tC/ha,79.0,ON-MAIN-020a683c,,https://zenodo.org/records/15777016
carbon_stock-020a683c-9,soc,mean_prim,tC/ha,79.0,ON-MAIN-020a683c,,https://zenodo.org/records/15777016
carbon_stock-0aadf28f-1,agbc,area_ha,ha,56.52434,ON-MAIN-0aadf28f,,https://zenodo.org/records/15777016
carbon_stock-0aadf28f-2,agbc,mean_act,tC/ha,18.0,ON-MAIN-0aadf28f,,https://zenodo.org/records/15777016
carbon_stock-0aadf28f-3,agbc,mean_prim,tC/ha,41.0,ON-MAIN-0aadf28f,,https://zenodo.org/records/15777016
carbon_stock-0aadf28f-4,bgbc,area_ha,ha,56.52434,ON-MAIN-0aadf28f,,https://zenodo.org/records/15777016
carbon_stock-0aadf28f-5,bgbc,mean_act,tC/ha,4.0,ON-MAIN-0aadf28f,,https://zenodo.org/records/15777016
carbon_stock-0aadf28f-6,bgbc,mean_prim,tC/ha,11.0,ON-MAIN-0aadf28f,,https://zenodo.org/records/15777016
carbon_stock-0aadf28f-7,soc,area_ha,ha,56.52434,ON-MAIN-0aadf28f,,https://zenodo.org/records/15777016
carbon_stock-0aadf28f-8,soc,mean_act,tC/ha,73.0,ON-MAIN-0aadf28f,,https://zenodo.org/records/15777016
carbon_stock-0aadf28f-9,soc,mean_prim,tC/ha,88.0,ON-MAIN-0aadf28f,,https://zenodo.org/records/15777016
carbon_stock-12c68d49-1,agbc,area_ha,ha,51.977493,ON-MAIN-12c68d49,,https://zenodo.org/records/15777016
carbon_stock-12c68d49-2,agbc,mean_act,tC/ha,27.0,ON-MAIN-12c68d49,,https://zenodo.org/records/15777016
carbon_stock-12c68d49-3,agbc,mean_prim,tC/ha,27.0,ON-MAIN-12c68d49,,https://zenodo.org/records/15777016
carbon_stock-12c68d49-4,bgbc,area_ha,ha,51.977493,ON-MAIN-12c68d49,,https://zenodo.org/records/15777016
carbon_stock-12c68d49-5,bgbc,mean_act,tC/ha,8.0,ON-MAIN-12c68d49,,https://zenodo.org/records/15777016
carbon_stock-12c68d49-6,bgbc,mean_prim,tC/ha,8.0,ON-MAIN-12c68d49,,https://zenodo.org/records/15777016
carbon_stock-12c68d49-7,soc,area_ha,ha,51.977493,ON-MAIN-12c68d49,,https://zenodo.org/records/15777016
carbon_stock-12c68d49-8,soc,mean_act,tC/ha,96.0,ON-MAIN-12c68d49,,https://zenodo.org/records/15777016
carbon_stock-12c68d49-9,soc,mean_prim,tC/ha,102.0,ON-MAIN-12c68d49,,https://zenodo.org/records/15777016
carbon_stock-1aa10efa-1,agbc,area_ha,ha,55.77798,ON-MAIN-1aa10efa,,https://zenodo.org/records/15777016
carbon_stock-1aa10efa-2,agbc,mean_act,tC/ha,40.0,ON-MAIN-1aa10efa,,https://zenodo.org/records/15777016
carbon_stock-1aa10efa-3,agbc,mean_prim,tC/ha,51.0,ON-MAIN-1aa10efa,,https://zenodo.org/records/15777016
carbon_stock-1aa10efa-4,bgbc,area_ha,ha,55.77798,ON-MAIN-1aa10efa,,https://zenodo.org/records/15777016
carbon_stock-1aa10efa-5,bgbc,mean_act,tC/ha,8.0,ON-MAIN-1aa10efa,,https://zenodo.org/records/15777016
carbon_stock-1aa10efa-6,bgbc,mean_prim,tC/ha,13.0,ON-MAIN-1aa10efa,,https://zenodo.org/records/15777016
carbon_stock-1aa10efa-7,soc,area_ha,ha,55.77798,ON-MAIN-1aa10efa,,https://zenodo.org/records/15777016
carbon_stock-1aa10efa-8,soc,mean_act,tC/ha,61.0,ON-MAIN-1aa10efa,,https://zenodo.org/records/15777016
carbon_stock-1aa10efa-9,soc,mean_prim,tC/ha,64.0,ON-MAIN-1aa10efa,,https://zenodo.org/records/15777016
carbon_stock-1c674cd0-1,agbc,area_ha,ha,57.59745,ON-MAIN-1c674cd0,GRP-0d911886,https://zenodo.org/records/15777016
carbon_stock-1c674cd0-2,agbc,mean_act,tC/ha,50.0,ON-MAIN-1c674cd0,GRP-0d911886,https://zenodo.org/records/15777016
carbon_stock-1c674cd0-3,agbc,mean_prim,tC/ha,58.0,ON-MAIN-1c674cd0,GRP-0d911886,https://zenodo.org/records/15777016
carbon_stock-1c674cd0-4,bgbc,area_ha,ha,57.59745,ON-MAIN-1c674cd0,GRP-0d911886,https://zenodo.org/records/15777016
carbon_stock-1c674cd0-5,bgbc,mean_act,tC/ha,11.0,ON-MAIN-1c674cd0,GRP-0d911886,https://zenodo.org/records/15777016
carbon_stock-1c674cd0-6,bgbc,mean_prim,tC/ha,16.0,ON-MAIN-1c674cd0,GRP-0d911886,https://zenodo.org/records/15777016
carbon_stock-1c674cd0-7,soc,area_ha,ha,57.59745,ON-MAIN-1c674cd0,GRP-0d911886,https://zenodo.org/records/15777016
carbon_stock-1c674cd0-8,soc,mean_act,tC/ha,91.0,ON-MAIN-1c674cd0,GRP-0d911886,https://zenodo.org/records/15777016
carbon_stock-1c674cd0-9,soc,mean_prim,tC/ha,91.0,ON-MAIN-1c674cd0,GRP-0d911886,https://zenodo.org/records/15777016
carbon_stock-1f126a43-1,agbc,area_ha,ha,57.29115,ON-MAIN-1f126a43,,https://zenodo.org/records/15777016
carbon_stock-1f126a43-2,agbc,mean_act,tC/ha,45.0,ON-MAIN-1f126a43,,https://zenodo.org/records/15777016
carbon_stock-1f126a43-3,agbc,mean_prim,tC/ha,59.0,ON-MAIN-1f126a43,,https://zenodo.org/records/15777016
carbon_stock-1f126a43-4,bgbc,area_ha,ha,57.29115,ON-MAIN-1f126a43,,https://zenodo.org/records/15777016
carbon_stock-1f126a43-5,bgbc,mean_act,tC/ha,12.0,ON-MAIN-1f126a43,,https://zenodo.org/records/15777016
carbon_stock-1f126a43-6,bgbc,mean_prim,tC/ha,16.0,ON-MAIN-1f126a43,,https://zenodo.org/records/15777016
carbon_stock-1f126a43-7,soc,area_ha,ha,57.29115,ON-MAIN-1f126a43,,https://zenodo.org/records/15777016
carbon_stock-1f126a43-8,soc,mean_act,tC/ha,78.0,ON-MAIN-1f126a43,,https://zenodo.org/records/15777016
carbon_stock-1f126a43-9,soc,mean_prim,tC/ha,79.0,ON-MAIN-1f126a43,,https://zenodo.org/records/15777016
carbon_stock-206041d1-1,agbc,area_ha,ha,58.927498,ON-MAIN-206041d1,GRP-de097f20,https://zenodo.org/records/15777016
carbon_stock-206041d1-2,agbc,mean_act,tC/ha,26.0,ON-MAIN-206041d1,GRP-de097f20,https://zenodo.org/records/15777016
carbon_stock-206041d1-3,agbc,mean_prim,tC/ha,69.0,ON-MAIN-206041d1,GRP-de097f20,https://zenodo.org/records/15777016
carbon_stock-206041d1-4,bgbc,area_ha,ha,58.927498,ON-MAIN-206041d1,GRP-de097f20,https://zenodo.org/records/15777016
carbon_stock-206041d1-5,bgbc,mean_act,tC/ha,7.0,ON-MAIN-206041d1,GRP-de097f20,https://zenodo.org/records/15777016
carbon_stock-206041d1-6,bgbc,mean_prim,tC/ha,19.0,ON-MAIN-206041d1,GRP-de097f20,https://zenodo.org/records/15777016
carbon_stock-206041d1-7,soc,area_ha,ha,58.927498,ON-MAIN-206041d1,GRP-de097f20,https://zenodo.org/records/15777016
carbon_stock-206041d1-8,soc,mean_act,tC/ha,65.0,ON-MAIN-206041d1,GRP-de097f20,https://zenodo.org/records/15777016
carbon_stock-206041d1-9,soc,mean_prim,tC/ha,71.0,ON-MAIN-206041d1,GRP-de097f20,https://zenodo.org/records/15777016
carbon_stock-21b6ab35-1,agbc,area_ha,ha,61.907833,ON-MAIN-21b6ab35,,https://zenodo.org/records/15777016
carbon_stock-21b6ab35-2,agbc,mean_act,tC/ha,4.0,ON-MAIN-21b6ab35,,https://zenodo.org/records/15777016
carbon_stock-21b6ab35-3,agbc,mean_prim,tC/ha,52.0,ON-MAIN-21b6ab35,,https://zenodo.org/records/15777016
carbon_stock-21b6ab35-4,bgbc,area_ha,ha,61.907833,ON-MAIN-21b6ab35,,https://zenodo.org/records/15777016
carbon_stock-21b6ab35-5,bgbc,mean_act,tC/ha,1.0,ON-MAIN-21b6ab35,,https://zenodo.org/records/15777016
carbon_stock-21b6ab35-6,bgbc,mean_prim,tC/ha,13.0,ON-MAIN-21b6ab35,,https://zenodo.org/records/15777016
carbon_stock-21b6ab35-7,soc,area_ha,ha,61.907833,ON-MAIN-21b6ab35,,https://zenodo.org/records/15777016
carbon_stock-21b6ab35-8,soc,mean_act,tC/ha,74.0,ON-MAIN-21b6ab35,,https://zenodo.org/records/15777016
carbon_stock-21b6ab35-9,soc,mean_prim,tC/ha,84.0,ON-MAIN-21b6ab35,,https://zenodo.org/records/15777016
carbon_stock-237587f6-1,agbc,area_ha,ha,61.82123,ON-MAIN-237587f6,,https://zenodo.org/records/15777016
carbon_stock-237587f6-2,agbc,mean_act,tC/ha,23.0,ON-MAIN-237587f6,,https://zenodo.org/records/15777016
carbon_stock-237587f6-3,agbc,mean_prim,tC/ha,59.0,ON-MAIN-237587f6,,https://zenodo.org/records/15777016
carbon_stock-237587f6-4,bgbc,area_ha,ha,61.82123,ON-MAIN-237587f6,,https://zenodo.org/records/15777016
carbon_stock-237587f6-5,bgbc,mean_act,tC/ha,7.0,ON-MAIN-237587f6,,https://zenodo.org/records/15777016
carbon_stock-237587f6-6,bgbc,mean_prim,tC/ha,16.0,ON-MAIN-237587f6,,https://zenodo.org/records/15777016
carbon_stock-237587f6-7,soc,area_ha,ha,61.82123,ON-MAIN-237587f6,,https://zenodo.org/records/15777016
carbon_stock-237587f6-8,soc,mean_act,tC/ha,76.0,ON-MAIN-237587f6,,https://zenodo.org/records/15777016
carbon_stock-237587f6-9,soc,mean_prim,tC/ha,76.0,ON-MAIN-237587f6,,https://zenodo.org/records/15777016
carbon_stock-28f3f0fc-1,agbc,area_ha,ha,59.2356,ON-MAIN-28f3f0fc,GRP-dc07540b,https://zenodo.org/records/15777016
carbon_stock-28f3f0fc-2,agbc,mean_act,tC/ha,34.0,ON-MAIN-28f3f0fc,GRP-dc07540b,https://zenodo.org/records/15777016
carbon_stock-28f3f0fc-3,agbc,mean_prim,tC/ha,65.0,ON-MAIN-28f3f0fc,GRP-dc07540b,https://zenodo.org/records/15777016
carbon_stock-28f3f0fc-4,bgbc,area_ha,ha,59.2356,ON-MAIN-28f3f0fc,GRP-dc07540b,https://zenodo.org/records/15777016
carbon_stock-28f3f0fc-5,bgbc,mean_act,tC/ha,9.0,ON-MAIN-28f3f0fc,GRP-dc07540b,https://zenodo.org/records/15777016
carbon_stock-28f3f0fc-6,bgbc,mean_prim,tC/ha,18.0,ON-MAIN-28f3f0fc,GRP-dc07540b,https://zenodo.org/records/15777016
carbon_stock-28f3f0fc-7,soc,area_ha,ha,59.2356,ON-MAIN-28f3f0fc,GRP-dc07540b,https://zenodo.org/records/15777016
carbon_stock-28f3f0fc-8,soc,mean_act,tC/ha,59.0,ON-MAIN-28f3f0fc,GRP-dc07540b,https://zenodo.org/records/15777016
carbon_stock-28f3f0fc-9,soc,mean_prim,tC/ha,68.0,ON-MAIN-28f3f0fc,GRP-dc07540b,https://zenodo.org/records/15777016
carbon_stock-2bb07cd3-1,agbc,area_ha,ha,58.882065,ON-MAIN-2bb07cd3,,https://zenodo.org/records/15777016
carbon_stock-2bb07cd3-2,agbc,mean_act,tC/ha,51.0,ON-MAIN-2bb07cd3,,https://zenodo.org/records/15777016
carbon_stock-2bb07cd3-3,agbc,mean_prim,tC/ha,70.0,ON-MAIN-2bb07cd3,,https://zenodo.org/records/15777016
carbon_stock-2bb07cd3-4,bgbc,area_ha,ha,58.882065,ON-MAIN-2bb07cd3,,https://zenodo.org/records/15777016
carbon_stock-2bb07cd3-5,bgbc,mean_act,tC/ha,12.0,ON-MAIN-2bb07cd3,,https://zenodo.org/records/15777016
carbon_stock-2bb07cd3-6,bgbc,mean_prim,tC/ha,19.0,ON-MAIN-2bb07cd3,,https://zenodo.org/records/15777016
carbon_stock-2bb07cd3-7,soc,area_ha,ha,58.882065,ON-MAIN-2bb07cd3,,https://zenodo.org/records/15777016
carbon_stock-2bb07cd3-8,soc,mean_act,tC/ha,60.0,ON-MAIN-2bb07cd3,,https://zenodo.org/records/15777016
carbon_stock-2bb07cd3-9,soc,mean_prim,tC/ha,67.0,ON-MAIN-2bb07cd3,,https://zenodo.org/records/15777016
carbon_stock-2e13aaa0-1,agbc,area_ha,ha,62.91978,ON-MAIN-2e13aaa0,,https://zenodo.org/records/15777016
carbon_stock-2e13aaa0-2,agbc,mean_act,tC/ha,10.0,ON-MAIN-2e13aaa0,,https://zenodo.org/records/15777016
carbon_stock-2e13aaa0-3,agbc,mean_prim,tC/ha,59.0,ON-MAIN-2e13aaa0,,https://zenodo.org/records/15777016
carbon_stock-2e13aaa0-4,bgbc,area_ha,ha,62.91978,ON-MAIN-2e13aaa0,,https://zenodo.org/records/15777016
carbon_stock-2e13aaa0-5,bgbc,mean_act,tC/ha,3.0,ON-MAIN-2e13aaa0,,https://zenodo.org/records/15777016
carbon_stock-2e13aaa0-6,bgbc,mean_prim,tC/ha,16.0,ON-MAIN-2e13aaa0,,https://zenodo.org/records/15777016
carbon_stock-2e13aaa0-7,soc,area_ha,ha,62.91978,ON-MAIN-2e13aaa0,,https://zenodo.org/records/15777016
carbon_stock-2e13aaa0-8,soc,mean_act,tC/ha,69.0,ON-MAIN-2e13aaa0,,https://zenodo.org/records/15777016
carbon_stock-2e13aaa0-9,soc,mean_prim,tC/ha,81.0,ON-MAIN-2e13aaa0,,https://zenodo.org/records/15777016
carbon_stock-319e04a8-1,agbc,area_ha,ha,58.963818,ON-MAIN-319e04a8,,https://zenodo.org/records/15777016
carbon_stock-319e04a8-2,agbc,mean_act,tC/ha,44.0,ON-MAIN-319e04a8,,https://zenodo.org/records/15777016
carbon_stock-319e04a8-3,agbc,mean_prim,tC/ha,71.0,ON-MAIN-319e04a8,,https://zenodo.org/records/15777016
carbon_stock-319e04a8-4,bgbc,area_ha,ha,58.963818,ON-MAIN-319e04a8,,https://zenodo.org/records/15777016
carbon_stock-319e04a8-5,bgbc,mean_act,tC/ha,10.0,ON-MAIN-319e04a8,,https://zenodo.org/records/15777016
carbon_stock-319e04a8-6,bgbc,mean_prim,tC/ha,19.0,ON-MAIN-319e04a8,,https://zenodo.org/records/15777016
carbon_stock-319e04a8-7,soc,area_ha,ha,58.963818,ON-MAIN-319e04a8,,https://zenodo.org/records/15777016
carbon_stock-319e04a8-8,soc,mean_act,tC/ha,64.0,ON-MAIN-319e04a8,,https://zenodo.org/records/15777016
carbon_stock-319e04a8-9,soc,mean_prim,tC/ha,67.0,ON-MAIN-319e04a8,,https://zenodo.org/records/15777016
carbon_stock-37e9571e-1,agbc,area_ha,ha,53.45603,ON-MAIN-37e9571e,,https://zenodo.org/records/15777016
carbon_stock-37e9571e-2,agbc,mean_act,tC/ha,23.0,ON-MAIN-37e9571e,,https://zenodo.org/records/15777016
carbon_stock-37e9571e-3,agbc,mean_prim,tC/ha,37.0,ON-MAIN-37e9571e,,https://zenodo.org/records/15777016
carbon_stock-37e9571e-4,bgbc,area_ha,ha,53.45603,ON-MAIN-37e9571e,,https://zenodo.org/records/15777016
carbon_stock-37e9571e-5,bgbc,mean_act,tC/ha,5.0,ON-MAIN-37e9571e,,https://zenodo.org/records/15777016
carbon_stock-37e9571e-6,bgbc,mean_prim,tC/ha,10.0,ON-MAIN-37e9571e,,https://zenodo.org/records/15777016
carbon_stock-37e9571e-7,soc,area_ha,ha,53.45603,ON-MAIN-37e9571e,,https://zenodo.org/records/15777016
carbon_stock-37e9571e-8,soc,mean_act,tC/ha,94.0,ON-MAIN-37e9571e,,https://zenodo.org/records/15777016
carbon_stock-37e9571e-9,soc,mean_prim,tC/ha,94.0,ON-MAIN-37e9571e,,https://zenodo.org/records/15777016
carbon_stock-387b06fe-1,agbc,area_ha,ha,62.800682,ON-MAIN-387b06fe,,https://zenodo.org/records/15777016
carbon_stock-387b06fe-2,agbc,mean_act,tC/ha,12.0,ON-MAIN-387b06fe,,https://zenodo.org/records/15777016
carbon_stock-387b06fe-3,agbc,mean_prim,tC/ha,47.0,ON-MAIN-387b06fe,,https://zenodo.org/records/15777016
carbon_stock-387b06fe-4,bgbc,area_ha,ha,62.800682,ON-MAIN-387b06fe,,https://zenodo.org/records/15777016
carbon_stock-387b06fe-5,bgbc,mean_act,tC/ha,3.0,ON-MAIN-387b06fe,,https://zenodo.org/records/15777016
carbon_stock-387b06fe-6,bgbc,mean_prim,tC/ha,12.0,ON-MAIN-387b06fe,,https://zenodo.org/records/15777016
carbon_stock-387b06fe-7,soc,area_ha,ha,62.800682,ON-MAIN-387b06fe,,https://zenodo.org/records/15777016
carbon_stock-387b06fe-8,soc,mean_act,tC/ha,68.0,ON-MAIN-387b06fe,,https://zenodo.org/records/15777016
carbon_stock-387b06fe-9,soc,mean_prim,tC/ha,80.0,ON-MAIN-387b06fe,,https://zenodo.org/records/15777016
carbon_stock-3b3e5365-1,agbc,area_ha,ha,56.936806,ON-MAIN-3b3e5365,,https://zenodo.org/records/15777016
carbon_stock-3b3e5365-2,agbc,mean_act,tC/ha,14.0,ON-MAIN-3b3e5365,,https://zenodo.org/records/15777016
carbon_stock-3b3e5365-3,agbc,mean_prim,tC/ha,57.0,ON-MAIN-3b3e5365,,https://zenodo.org/records/15777016
carbon_stock-3b3e5365-4,bgbc,area_ha,ha,56.936806,ON-MAIN-3b3e5365,,https://zenodo.org/records/15777016
carbon_stock-3b3e5365-5,bgbc,mean_act,tC/ha,4.0,ON-MAIN-3b3e5365,,https://zenodo.org/records/15777016
carbon_stock-3b3e5365-6,bgbc,mean_prim,tC/ha,16.0,ON-MAIN-3b3e5365,,https://zenodo.org/records/15777016
carbon_stock-3b3e5365-7,soc,area_ha,ha,56.936806,ON-MAIN-3b3e5365,,https://zenodo.org/records/15777016
carbon_stock-3b3e5365-8,soc,mean_act,tC/ha,96.0,ON-MAIN-3b3e5365,,https://zenodo.org/records/15777016
carbon_stock-3b3e5365-9,soc,mean_prim,tC/ha,96.0,ON-MAIN-3b3e5365,,https://zenodo.org/records/15777016
carbon_stock-3c468faa-1,agbc,area_ha,ha,56.354935,ON-MAIN-3c468faa,,https://zenodo.org/records/15777016
carbon_stock-3c468faa-2,agbc,mean_act,tC/ha,41.0,ON-MAIN-3c468faa,,https://zenodo.org/records/15777016
carbon_stock-3c468faa-3,agbc,mean_prim,tC/ha,52.0,ON-MAIN-3c468faa,,https://zenodo.org/records/15777016
carbon_stock-3c468faa-4,bgbc,area_ha,ha,56.354935,ON-MAIN-3c468faa,,https://zenodo.org/records/15777016
carbon_stock-3c468faa-5,bgbc,mean_act,tC/ha,11.0,ON-MAIN-3c468faa,,https://zenodo.org/records/15777016
carbon_stock-3c468faa-6,bgbc,mean_prim,tC/ha,14.0,ON-MAIN-3c468faa,,https://zenodo.org/records/15777016
carbon_stock-3c468faa-7,soc,area_ha,ha,56.354935,ON-MAIN-3c468faa,,https://zenodo.org/records/15777016
carbon_stock-3c468faa-8,soc,mean_act,tC/ha,69.0,ON-MAIN-3c468faa,,https://zenodo.org/records/15777016
carbon_stock-3c468faa-9,soc,mean_prim,tC/ha,69.0,ON-MAIN-3c468faa,,https://zenodo.org/records/15777016
carbon_stock-40ce0593-1,agbc,area_ha,ha,59.018265,ON-MAIN-40ce0593,GRP-de097f20,https://zenodo.org/records/15777016
carbon_stock-40ce0593-2,agbc,mean_act,tC/ha,6.0,ON-MAIN-40ce0593,GRP-de097f20,https://zenodo.org/records/15777016
carbon_stock-40ce0593-3,agbc,mean_prim,tC/ha,62.0,ON-MAIN-40ce0593,GRP-de097f20,https://zenodo.org/records/15777016
carbon_stock-40ce0593-4,bgbc,area_ha,ha,59.018265,ON-MAIN-40ce0593,GRP-de097f20,https://zenodo.org/records/15777016
carbon_stock-40ce0593-5,bgbc,mean_act,tC/ha,2.0,ON-MAIN-40ce0593,GRP-de097f20,https://zenodo.org/records/15777016
carbon_stock-40ce0593-6,bgbc,mean_prim,tC/ha,17.0,ON-MAIN-40ce0593,GRP-de097f20,https://zenodo.org/records/15777016
carbon_stock-40ce0593-7,soc,area_ha,ha,59.018265,ON-MAIN-40ce0593,GRP-de097f20,https://zenodo.org/records/15777016
carbon_stock-40ce0593-8,soc,mean_act,tC/ha,67.0,ON-MAIN-40ce0593,GRP-de097f20,https://zenodo.org/records/15777016
carbon_stock-40ce0593-9,soc,mean_prim,tC/ha,76.0,ON-MAIN-40ce0593,GRP-de097f20,https://zenodo.org/records/15777016
carbon_stock-46f71d5b-1,agbc,area_ha,ha,54.889923,ON-MAIN-46f71d5b,,https://zenodo.org/records/15777016
carbon_stock-46f71d5b-2,agbc,mean_act,tC/ha,39.0,ON-MAIN-46f71d5b,,https://zenodo.org/records/15777016
carbon_stock-46f71d5b-3,agbc,mean_prim,tC/ha,47.0,ON-MAIN-46f71d5b,,https://zenodo.org/records/15777016
carbon_stock-46f71d5b-4,bgbc,area_ha,ha,54.889923,ON-MAIN-46f71d5b,,https://zenodo.org/records/15777016
carbon_stock-46f71d5b-5,bgbc,mean_act,tC/ha,9.0,ON-MAIN-46f71d5b,,https://zenodo.org/records/15777016
carbon_stock-46f71d5b-6,bgbc,mean_prim,tC/ha,12.0,ON-MAIN-46f71d5b,,https://zenodo.org/records/15777016
carbon_stock-46f71d5b-7,soc,area_ha,ha,54.889923,ON-MAIN-46f71d5b,,https://zenodo.org/records/15777016
carbon_stock-46f71d5b-8,soc,mean_act,tC/ha,55.0,ON-MAIN-46f71d5b,,https://zenodo.org/records/15777016
carbon_stock-46f71d5b-9,soc,mean_prim,tC/ha,60.0,ON-MAIN-46f71d5b,,https://zenodo.org/records/15777016
carbon_stock-470b504b-1,agbc,area_ha,ha,60.40021,ON-MAIN-470b504b,,https://zenodo.org/records/15777016
carbon_stock-470b504b-2,agbc,mean_act,tC/ha,17.0,ON-MAIN-470b504b,,https://zenodo.org/records/15777016
carbon_stock-470b504b-3,agbc,mean_prim,tC/ha,54.0,ON-MAIN-470b504b,,https://zenodo.org/records/15777016
carbon_stock-470b504b-4,bgbc,area_ha,ha,60.40021,ON-MAIN-470b504b,,https://zenodo.org/records/15777016
carbon_stock-470b504b-5,bgbc,mean_act,tC/ha,4.0,ON-MAIN-470b504b,,https://zenodo.org/records/15777016
carbon_stock-470b504b-6,bgbc,mean_prim,tC/ha,15.0,ON-MAIN-470b504b,,https://zenodo.org/records/15777016
carbon_stock-470b504b-7,soc,area_ha,ha,60.40021,ON-MAIN-470b504b,,https://zenodo.org/records/15777016
carbon_stock-470b504b-8,soc,mean_act,tC/ha,79.0,ON-MAIN-470b504b,,https://zenodo.org/records/15777016
carbon_stock-470b504b-9,soc,mean_prim,tC/ha,79.0,ON-MAIN-470b504b,,https://zenodo.org/records/15777016
carbon_stock-484e4fa3-1,agbc,area_ha,ha,59.45221,ON-MAIN-484e4fa3,,https://zenodo.org/records/15777016
carbon_stock-484e4fa3-2,agbc,mean_act,tC/ha,,ON-MAIN-484e4fa3,,https://zenodo.org/records/15777016
carbon_stock-484e4fa3-3,agbc,mean_prim,tC/ha,,ON-MAIN-484e4fa3,,https://zenodo.org/records/15777016
carbon_stock-484e4fa3-4,bgbc,area_ha,ha,59.45221,ON-MAIN-484e4fa3,,https://zenodo.org/records/15777016
carbon_stock-484e4fa3-5,bgbc,mean_act,tC/ha,,ON-MAIN-484e4fa3,,https://zenodo.org/records/15777016
carbon_stock-484e4fa3-6,bgbc,mean_prim,tC/ha,,ON-MAIN-484e4fa3,,https://zenodo.org/records/15777016
carbon_stock-484e4fa3-7,soc,area_ha,ha,59.45221,ON-MAIN-484e4fa3,,https://zenodo.org/records/15777016
carbon_stock-484e4fa3-8,soc,mean_act,tC/ha,,ON-MAIN-484e4fa3,,https://zenodo.org/records/15777016
carbon_stock-484e4fa3-9,soc,mean_prim,tC/ha,,ON-MAIN-484e4fa3,,https://zenodo.org/records/15777016
carbon_stock-48fe2205-1,agbc,area_ha,ha,59.027336,ON-MAIN-48fe2205,GRP-dc07540b,https://zenodo.org/records/15777016
carbon_stock-48fe2205-2,agbc,mean_act,tC/ha,9.0,ON-MAIN-48fe2205,GRP-dc07540b,https://zenodo.org/records/15777016
carbon_stock-48fe2205-3,agbc,mean_prim,tC/ha,63.0,ON-MAIN-48fe2205,GRP-dc07540b,https://zenodo.org/records/15777016
carbon_stock-48fe2205-4,bgbc,area_ha,ha,59.027336,ON-MAIN-48fe2205,GRP-dc07540b,https://zenodo.org/records/15777016
carbon_stock-48fe2205-5,bgbc,mean_act,tC/ha,3.0,ON-MAIN-48fe2205,GRP-dc07540b,https://zenodo.org/records/15777016
carbon_stock-48fe2205-6,bgbc,mean_prim,tC/ha,18.0,ON-MAIN-48fe2205,GRP-dc07540b,https://zenodo.org/records/15777016
carbon_stock-48fe2205-7,soc,area_ha,ha,59.027336,ON-MAIN-48fe2205,GRP-dc07540b,https://zenodo.org/records/15777016
carbon_stock-48fe2205-8,soc,mean_act,tC/ha,62.0,ON-MAIN-48fe2205,GRP-dc07540b,https://zenodo.org/records/15777016
carbon_stock-48fe2205-9,soc,mean_prim,tC/ha,72.0,ON-MAIN-48fe2205,GRP-dc07540b,https://zenodo.org/records/15777016
carbon_stock-4a6187a4-1,agbc,area_ha,ha,61.5171,ON-MAIN-4a6187a4,,https://zenodo.org/records/15777016
carbon_stock-4a6187a4-2,agbc,mean_act,tC/ha,20.0,ON-MAIN-4a6187a4,,https://zenodo.org/records/15777016
carbon_stock-4a6187a4-3,agbc,mean_prim,tC/ha,47.0,ON-MAIN-4a6187a4,,https://zenodo.org/records/15777016
carbon_stock-4a6187a4-4,bgbc,area_ha,ha,61.5171,ON-MAIN-4a6187a4,,https://zenodo.org/records/15777016
carbon_stock-4a6187a4-5,bgbc,mean_act,tC/ha,7.0,ON-MAIN-4a6187a4,,https://zenodo.org/records/15777016
carbon_stock-4a6187a4-6,bgbc,mean_prim,tC/ha,13.0,ON-MAIN-4a6187a4,,https://zenodo.org/records/15777016
carbon_stock-4a6187a4-7,soc,area_ha,ha,61.5171,ON-MAIN-4a6187a4,,https://zenodo.org/records/15777016
carbon_stock-4a6187a4-8,soc,mean_act,tC/ha,75.0,ON-MAIN-4a6187a4,,https://zenodo.org/records/15777016
carbon_stock-4a6187a4-9,soc,mean_prim,tC/ha,79.0,ON-MAIN-4a6187a4,,https://zenodo.org/records/15777016
carbon_stock-4c35e094-1,agbc,area_ha,ha,62.51892,ON-MAIN-4c35e094,,https://zenodo.org/records/15777016
carbon_stock-4c35e094-2,agbc,mean_act,tC/ha,2.0,ON-MAIN-4c35e094,,https://zenodo.org/records/15777016
carbon_stock-4c35e094-3,agbc,mean_prim,tC/ha,52.0,ON-MAIN-4c35e094,,https://zenodo.org/records/15777016
carbon_stock-4c35e094-4,bgbc,area_ha,ha,62.51892,ON-MAIN-4c35e094,,https://zenodo.org/records/15777016
carbon_stock-4c35e094-5,bgbc,mean_act,tC/ha,1.0,ON-MAIN-4c35e094,,https://zenodo.org/records/15777016
carbon_stock-4c35e094-6,bgbc,mean_prim,tC/ha,13.0,ON-MAIN-4c35e094,,https://zenodo.org/records/15777016
carbon_stock-4c35e094-7,soc,area_ha,ha,62.51892,ON-MAIN-4c35e094,,https://zenodo.org/records/15777016
carbon_stock-4c35e094-8,soc,mean_act,tC/ha,76.0,ON-MAIN-4c35e094,,https://zenodo.org/records/15777016
carbon_stock-4c35e094-9,soc,mean_prim,tC/ha,76.0,ON-MAIN-4c35e094,,https://zenodo.org/records/15777016
carbon_stock-4c5c1179-1,agbc,area_ha,ha,56.51494,ON-MAIN-4c5c1179,,https://zenodo.org/records/15777016
carbon_stock-4c5c1179-2,agbc,mean_act,tC/ha,43.0,ON-MAIN-4c5c1179,,https://zenodo.org/records/15777016
carbon_stock-4c5c1179-3,agbc,mean_prim,tC/ha,45.0,ON-MAIN-4c5c1179,,https://zenodo.org/records/15777016
carbon_stock-4c5c1179-4,bgbc,area_ha,ha,56.51494,ON-MAIN-4c5c1179,,https://zenodo.org/records/15777016
carbon_stock-4c5c1179-5,bgbc,mean_act,tC/ha,15.0,ON-MAIN-4c5c1179,,https://zenodo.org/records/15777016
carbon_stock-4c5c1179-6,bgbc,mean_prim,tC/ha,15.0,ON-MAIN-4c5c1179,,https://zenodo.org/records/15777016
carbon_stock-4c5c1179-7,soc,area_ha,ha,56.51494,ON-MAIN-4c5c1179,,https://zenodo.org/records/15777016
carbon_stock-4c5c1179-8,soc,mean_act,tC/ha,99.0,ON-MAIN-4c5c1179,,https://zenodo.org/records/15777016
carbon_stock-4c5c1179-9,soc,mean_prim,tC/ha,99.0,ON-MAIN-4c5c1179,,https://zenodo.org/records/15777016
carbon_stock-4e0734b5-1,agbc,area_ha,ha,56.852627,ON-MAIN-4e0734b5,,https://zenodo.org/records/15777016
carbon_stock-4e0734b5-2,agbc,mean_act,tC/ha,23.0,ON-MAIN-4e0734b5,,https://zenodo.org/records/15777016
carbon_stock-4e0734b5-3,agbc,mean_prim,tC/ha,48.0,ON-MAIN-4e0734b5,,https://zenodo.org/records/15777016
carbon_stock-4e0734b5-4,bgbc,area_ha,ha,56.852627,ON-MAIN-4e0734b5,,https://zenodo.org/records/15777016
carbon_stock-4e0734b5-5,bgbc,mean_act,tC/ha,6.0,ON-MAIN-4e0734b5,,https://zenodo.org/records/15777016
carbon_stock-4e0734b5-6,bgbc,mean_prim,tC/ha,14.0,ON-MAIN-4e0734b5,,https://zenodo.org/records/15777016
carbon_stock-4e0734b5-7,soc,area_ha,ha,56.852627,ON-MAIN-4e0734b5,,https://zenodo.org/records/15777016
carbon_stock-4e0734b5-8,soc,mean_act,tC/ha,93.0,ON-MAIN-4e0734b5,,https://zenodo.org/records/15777016
carbon_stock-4e0734b5-9,soc,mean_prim,tC/ha,95.0,ON-MAIN-4e0734b5,,https://zenodo.org/records/15777016
carbon_stock-52224e1e-1,agbc,area_ha,ha,59.136078,ON-MAIN-52224e1e,GRP-dc07540b,https://zenodo.org/records/15777016
carbon_stock-52224e1e-2,agbc,mean_act,tC/ha,10.0,ON-MAIN-52224e1e,GRP-dc07540b,https://zenodo.org/records/15777016
carbon_stock-52224e1e-3,agbc,mean_prim,tC/ha,64.0,ON-MAIN-52224e1e,GRP-dc07540b,https://zenodo.org/records/15777016
carbon_stock-52224e1e-4,bgbc,area_ha,ha,59.136078,ON-MAIN-52224e1e,GRP-dc07540b,https://zenodo.org/records/15777016
carbon_stock-52224e1e-5,bgbc,mean_act,tC/ha,3.0,ON-MAIN-52224e1e,GRP-dc07540b,https://zenodo.org/records/15777016
carbon_stock-52224e1e-6,bgbc,mean_prim,tC/ha,18.0,ON-MAIN-52224e1e,GRP-dc07540b,https://zenodo.org/records/15777016
carbon_stock-52224e1e-7,soc,area_ha,ha,59.136078,ON-MAIN-52224e1e,GRP-dc07540b,https://zenodo.org/records/15777016
carbon_stock-52224e1e-8,soc,mean_act,tC/ha,64.0,ON-MAIN-52224e1e,GRP-dc07540b,https://zenodo.org/records/15777016
carbon_stock-52224e1e-9,soc,mean_prim,tC/ha,71.0,ON-MAIN-52224e1e,GRP-dc07540b,https://zenodo.org/records/15777016
carbon_stock-538513cd-1,agbc,area_ha,ha,56.833908,ON-MAIN-538513cd,GRP-0d911886,https://zenodo.org/records/15777016
carbon_stock-538513cd-2,agbc,mean_act,tC/ha,,ON-MAIN-538513cd,GRP-0d911886,https://zenodo.org/records/15777016
carbon_stock-538513cd-3,agbc,mean_prim,tC/ha,,ON-MAIN-538513cd,GRP-0d911886,https://zenodo.org/records/15777016
carbon_stock-538513cd-4,bgbc,area_ha,ha,56.833908,ON-MAIN-538513cd,GRP-0d911886,https://zenodo.org/records/15777016
carbon_stock-538513cd-5,bgbc,mean_act,tC/ha,,ON-MAIN-538513cd,GRP-0d911886,https://zenodo.org/records/15777016
carbon_stock-538513cd-6,bgbc,mean_prim,tC/ha,,ON-MAIN-538513cd,GRP-0d911886,https://zenodo.org/records/15777016
carbon_stock-538513cd-7,soc,area_ha,ha,56.833908,ON-MAIN-538513cd,GRP-0d911886,https://zenodo.org/records/15777016
carbon_stock-538513cd-8,soc,mean_act,tC/ha,,ON-MAIN-538513cd,GRP-0d911886,https://zenodo.org/records/15777016
carbon_stock-538513cd-9,soc,mean_prim,tC/ha,,ON-MAIN-538513cd,GRP-0d911886,https://zenodo.org/records/15777016
carbon_stock-54b7e152-1,agbc,area_ha,ha,59.280785,ON-MAIN-54b7e152,,https://zenodo.org/records/15777016
carbon_stock-54b7e152-2,agbc,mean_act,tC/ha,,ON-MAIN-54b7e152,,https://zenodo.org/records/15777016
carbon_stock-54b7e152-3,agbc,mean_prim,tC/ha,,ON-MAIN-54b7e152,,https://zenodo.org/records/15777016
carbon_stock-54b7e152-4,bgbc,area_ha,ha,59.280785,ON-MAIN-54b7e152,,https://zenodo.org/records/15777016
carbon_stock-54b7e152-5,bgbc,mean_act,tC/ha,,ON-MAIN-54b7e152,,https://zenodo.org/records/15777016
carbon_stock-54b7e152-6,bgbc,mean_prim,tC/ha,,ON-MAIN-54b7e152,,https://zenodo.org/records/15777016
carbon_stock-54b7e152-7,soc,area_ha,ha,59.280785,ON-MAIN-54b7e152,,https://zenodo.org/records/15777016
carbon_stock-54b7e152-8,soc,mean_act,tC/ha,,ON-MAIN-54b7e152,,https://zenodo.org/records/15777016
carbon_stock-54b7e152-9,soc,mean_prim,tC/ha,,ON-MAIN-54b7e152,,https://zenodo.org/records/15777016
carbon_stock-575c5e66-1,agbc,area_ha,ha,61.5171,ON-MAIN-575c5e66,,https://zenodo.org/records/15777016
carbon_stock-575c5e66-2,agbc,mean_act,tC/ha,20.0,ON-MAIN-575c5e66,,https://zenodo.org/records/15777016
carbon_stock-575c5e66-3,agbc,mean_prim,tC/ha,47.0,ON-MAIN-575c5e66,,https://zenodo.org/records/15777016
carbon_stock-575c5e66-4,bgbc,area_ha,ha,61.5171,ON-MAIN-575c5e66,,https://zenodo.org/records/15777016
carbon_stock-575c5e66-5,bgbc,mean_act,tC/ha,7.0,ON-MAIN-575c5e66,,https://zenodo.org/records/15777016
carbon_stock-575c5e66-6,bgbc,mean_prim,tC/ha,13.0,ON-MAIN-575c5e66,,https://zenodo.org/records/15777016
carbon_stock-575c5e66-7,soc,area_ha,ha,61.5171,ON-MAIN-575c5e66,,https://zenodo.org/records/15777016
carbon_stock-575c5e66-8,soc,mean_act,tC/ha,75.0,ON-MAIN-575c5e66,,https://zenodo.org/records/15777016
carbon_stock-575c5e66-9,soc,mean_prim,tC/ha,79.0,ON-MAIN-575c5e66,,https://zenodo.org/records/15777016
carbon_stock-63b394c3-1,agbc,area_ha,ha,59.12702,ON-MAIN-63b394c3,GRP-dc07540b,https://zenodo.org/records/15777016
carbon_stock-63b394c3-2,agbc,mean_act,tC/ha,4.0,ON-MAIN-63b394c3,GRP-dc07540b,https://zenodo.org/records/15777016
carbon_stock-63b394c3-3,agbc,mean_prim,tC/ha,65.0,ON-MAIN-63b394c3,GRP-dc07540b,https://zenodo.org/records/15777016
carbon_stock-63b394c3-4,bgbc,area_ha,ha,59.12702,ON-MAIN-63b394c3,GRP-dc07540b,https://zenodo.org/records/15777016
carbon_stock-63b394c3-5,bgbc,mean_act,tC/ha,1.0,ON-MAIN-63b394c3,GRP-dc07540b,https://zenodo.org/records/15777016
carbon_stock-63b394c3-6,bgbc,mean_prim,tC/ha,17.0,ON-MAIN-63b394c3,GRP-dc07540b,https://zenodo.org/records/15777016
carbon_stock-63b394c3-7,soc,area_ha,ha,59.12702,ON-MAIN-63b394c3,GRP-dc07540b,https://zenodo.org/records/15777016
carbon_stock-63b394c3-8,soc,mean_act,tC/ha,65.0,ON-MAIN-63b394c3,GRP-dc07540b,https://zenodo.org/records/15777016
carbon_stock-63b394c3-9,soc,mean_prim,tC/ha,68.0,ON-MAIN-63b394c3,GRP-dc07540b,https://zenodo.org/records/15777016
carbon_stock-64bbe7e6-1,agbc,area_ha,ha,56.571327,ON-MAIN-64bbe7e6,,https://zenodo.org/records/15777016
carbon_stock-64bbe7e6-2,agbc,mean_act,tC/ha,68.0,ON-MAIN-64bbe7e6,,https://zenodo.org/records/15777016
carbon_stock-64bbe7e6-3,agbc,mean_prim,tC/ha,68.0,ON-MAIN-64bbe7e6,,https://zenodo.org/records/15777016
carbon_stock-64bbe7e6-4,bgbc,area_ha,ha,56.571327,ON-MAIN-64bbe7e6,,https://zenodo.org/records/15777016
carbon_stock-64bbe7e6-5,bgbc,mean_act,tC/ha,17.0,ON-MAIN-64bbe7e6,,https://zenodo.org/records/15777016
carbon_stock-64bbe7e6-6,bgbc,mean_prim,tC/ha,17.0,ON-MAIN-64bbe7e6,,https://zenodo.org/records/15777016
carbon_stock-64bbe7e6-7,soc,area_ha,ha,56.571327,ON-MAIN-64bbe7e6,,https://zenodo.org/records/15777016
carbon_stock-64bbe7e6-8,soc,mean_act,tC/ha,70.0,ON-MAIN-64bbe7e6,,https://zenodo.org/records/15777016
carbon_stock-64bbe7e6-9,soc,mean_prim,tC/ha,70.0,ON-MAIN-64bbe7e6,,https://zenodo.org/records/15777016
carbon_stock-6664e89b-1,agbc,area_ha,ha,58.114193,ON-MAIN-6664e89b,,https://zenodo.org/records/15777016
carbon_stock-6664e89b-2,agbc,mean_act,tC/ha,30.0,ON-MAIN-6664e89b,,https://zenodo.org/records/15777016
carbon_stock-6664e89b-3,agbc,mean_prim,tC/ha,64.0,ON-MAIN-6664e89b,,https://zenodo.org/records/15777016
carbon_stock-6664e89b-4,bgbc,area_ha,ha,58.114193,ON-MAIN-6664e89b,,https://zenodo.org/records/15777016
carbon_stock-6664e89b-5,bgbc,mean_act,tC/ha,7.0,ON-MAIN-6664e89b,,https://zenodo.org/records/15777016
carbon_stock-6664e89b-6,bgbc,mean_prim,tC/ha,17.0,ON-MAIN-6664e89b,,https://zenodo.org/records/15777016
carbon_stock-6664e89b-7,soc,area_ha,ha,58.114193,ON-MAIN-6664e89b,,https://zenodo.org/records/15777016
carbon_stock-6664e89b-8,soc,mean_act,tC/ha,78.0,ON-MAIN-6664e89b,,https://zenodo.org/records/15777016
carbon_stock-6664e89b-9,soc,mean_prim,tC/ha,78.0,ON-MAIN-6664e89b,,https://zenodo.org/records/15777016
carbon_stock-687b8c8d-1,agbc,area_ha,ha,57.132843,ON-MAIN-687b8c8d,,https://zenodo.org/records/15777016
carbon_stock-687b8c8d-2,agbc,mean_act,tC/ha,30.0,ON-MAIN-687b8c8d,,https://zenodo.org/records/15777016
carbon_stock-687b8c8d-3,agbc,mean_prim,tC/ha,60.0,ON-MAIN-687b8c8d,,https://zenodo.org/records/15777016
carbon_stock-687b8c8d-4,bgbc,area_ha,ha,57.132843,ON-MAIN-687b8c8d,,https://zenodo.org/records/15777016
carbon_stock-687b8c8d-5,bgbc,mean_act,tC/ha,8.0,ON-MAIN-687b8c8d,,https://zenodo.org/records/15777016
carbon_stock-687b8c8d-6,bgbc,mean_prim,tC/ha,16.0,ON-MAIN-687b8c8d,,https://zenodo.org/records/15777016
carbon_stock-687b8c8d-7,soc,area_ha,ha,57.132843,ON-MAIN-687b8c8d,,https://zenodo.org/records/15777016
carbon_stock-687b8c8d-8,soc,mean_act,tC/ha,81.0,ON-MAIN-687b8c8d,,https://zenodo.org/records/15777016
carbon_stock-687b8c8d-9,soc,mean_prim,tC/ha,81.0,ON-MAIN-687b8c8d,,https://zenodo.org/records/15777016
carbon_stock-6b998583-1,agbc,area_ha,ha,61.942436,ON-MAIN-6b998583,,https://zenodo.org/records/15777016
carbon_stock-6b998583-2,agbc,mean_act,tC/ha,2.0,ON-MAIN-6b998583,,https://zenodo.org/records/15777016
carbon_stock-6b998583-3,agbc,mean_prim,tC/ha,53.0,ON-MAIN-6b998583,,https://zenodo.org/records/15777016
carbon_stock-6b998583-4,bgbc,area_ha,ha,61.942436,ON-MAIN-6b998583,,https://zenodo.org/records/15777016
carbon_stock-6b998583-5,bgbc,mean_act,tC/ha,1.0,ON-MAIN-6b998583,,https://zenodo.org/records/15777016
carbon_stock-6b998583-6,bgbc,mean_prim,tC/ha,15.0,ON-MAIN-6b998583,,https://zenodo.org/records/15777016
carbon_stock-6b998583-7,soc,area_ha,ha,61.942436,ON-MAIN-6b998583,,https://zenodo.org/records/15777016
carbon_stock-6b998583-8,soc,mean_act,tC/ha,81.0,ON-MAIN-6b998583,,https://zenodo.org/records/15777016
carbon_stock-6b998583-9,soc,mean_prim,tC/ha,81.0,ON-MAIN-6b998583,,https://zenodo.org/records/15777016
carbon_stock-6bd6cc80-1,agbc,area_ha,ha,61.49096,ON-MAIN-6bd6cc80,,https://zenodo.org/records/15777016
carbon_stock-6bd6cc80-2,agbc,mean_act,tC/ha,10.0,ON-MAIN-6bd6cc80,,https://zenodo.org/records/15777016
carbon_stock-6bd6cc80-3,agbc,mean_prim,tC/ha,50.0,ON-MAIN-6bd6cc80,,https://zenodo.org/records/15777016
carbon_stock-6bd6cc80-4,bgbc,area_ha,ha,61.49096,ON-MAIN-6bd6cc80,,https://zenodo.org/records/15777016
carbon_stock-6bd6cc80-5,bgbc,mean_act,tC/ha,4.0,ON-MAIN-6bd6cc80,,https://zenodo.org/records/15777016
carbon_stock-6bd6cc80-6,bgbc,mean_prim,tC/ha,14.0,ON-MAIN-6bd6cc80,,https://zenodo.org/records/15777016
carbon_stock-6bd6cc80-7,soc,area_ha,ha,61.49096,ON-MAIN-6bd6cc80,,https://zenodo.org/records/15777016
carbon_stock-6bd6cc80-8,soc,mean_act,tC/ha,62.0,ON-MAIN-6bd6cc80,,https://zenodo.org/records/15777016
carbon_stock-6bd6cc80-9,soc,mean_prim,tC/ha,76.0,ON-MAIN-6bd6cc80,,https://zenodo.org/records/15777016
carbon_stock-6e9b2449-1,agbc,area_ha,ha,58.90933,ON-MAIN-6e9b2449,GRP-dc07540b,https://zenodo.org/records/15777016
carbon_stock-6e9b2449-2,agbc,mean_act,tC/ha,35.0,ON-MAIN-6e9b2449,GRP-dc07540b,https://zenodo.org/records/15777016
carbon_stock-6e9b2449-3,agbc,mean_prim,tC/ha,66.0,ON-MAIN-6e9b2449,GRP-dc07540b,https://zenodo.org/records/15777016
carbon_stock-6e9b2449-4,bgbc,area_ha,ha,58.90933,ON-MAIN-6e9b2449,GRP-dc07540b,https://zenodo.org/records/15777016
carbon_stock-6e9b2449-5,bgbc,mean_act,tC/ha,8.0,ON-MAIN-6e9b2449,GRP-dc07540b,https://zenodo.org/records/15777016
carbon_stock-6e9b2449-6,bgbc,mean_prim,tC/ha,18.0,ON-MAIN-6e9b2449,GRP-dc07540b,https://zenodo.org/records/15777016
carbon_stock-6e9b2449-7,soc,area_ha,ha,58.90933,ON-MAIN-6e9b2449,GRP-dc07540b,https://zenodo.org/records/15777016
carbon_stock-6e9b2449-8,soc,mean_act,tC/ha,62.0,ON-MAIN-6e9b2449,GRP-dc07540b,https://zenodo.org/records/15777016
carbon_stock-6e9b2449-9,soc,mean_prim,tC/ha,73.0,ON-MAIN-6e9b2449,GRP-dc07540b,https://zenodo.org/records/15777016
carbon_stock-6e9be24e-1,agbc,area_ha,ha,56.674595,ON-MAIN-6e9be24e,,https://zenodo.org/records/15777016
carbon_stock-6e9be24e-2,agbc,mean_act,tC/ha,29.0,ON-MAIN-6e9be24e,,https://zenodo.org/records/15777016
carbon_stock-6e9be24e-3,agbc,mean_prim,tC/ha,65.0,ON-MAIN-6e9be24e,,https://zenodo.org/records/15777016
carbon_stock-6e9be24e-4,bgbc,area_ha,ha,56.674595,ON-MAIN-6e9be24e,,https://zenodo.org/records/15777016
carbon_stock-6e9be24e-5,bgbc,mean_act,tC/ha,7.0,ON-MAIN-6e9be24e,,https://zenodo.org/records/15777016
carbon_stock-6e9be24e-6,bgbc,mean_prim,tC/ha,17.0,ON-MAIN-6e9be24e,,https://zenodo.org/records/15777016
carbon_stock-6e9be24e-7,soc,area_ha,ha,56.674595,ON-MAIN-6e9be24e,,https://zenodo.org/records/15777016
carbon_stock-6e9be24e-8,soc,mean_act,tC/ha,69.0,ON-MAIN-6e9be24e,,https://zenodo.org/records/15777016
carbon_stock-6e9be24e-9,soc,mean_prim,tC/ha,73.0,ON-MAIN-6e9be24e,,https://zenodo.org/records/15777016
carbon_stock-7001a391-1,agbc,area_ha,ha,58.95474,ON-MAIN-7001a391,,https://zenodo.org/records/15777016
carbon_stock-7001a391-2,agbc,mean_act,tC/ha,30.0,ON-MAIN-7001a391,,https://zenodo.org/records/15777016
carbon_stock-7001a391-3,agbc,mean_prim,tC/ha,64.0,ON-MAIN-7001a391,,https://zenodo.org/records/15777016
carbon_stock-7001a391-4,bgbc,area_ha,ha,58.95474,ON-MAIN-7001a391,,https://zenodo.org/records/15777016
carbon_stock-7001a391-5,bgbc,mean_act,tC/ha,7.0,ON-MAIN-7001a391,,https://zenodo.org/records/15777016
carbon_stock-7001a391-6,bgbc,mean_prim,tC/ha,17.0,ON-MAIN-7001a391,,https://zenodo.org/records/15777016
carbon_stock-7001a391-7,soc,area_ha,ha,58.95474,ON-MAIN-7001a391,,https://zenodo.org/records/15777016
carbon_stock-7001a391-8,soc,mean_act,tC/ha,66.0,ON-MAIN-7001a391,,https://zenodo.org/records/15777016
carbon_stock-7001a391-9,soc,mean_prim,tC/ha,71.0,ON-MAIN-7001a391,,https://zenodo.org/records/15777016
carbon_stock-74997012-1,agbc,area_ha,ha,57.27254,ON-MAIN-74997012,,https://zenodo.org/records/15777016
carbon_stock-74997012-2,agbc,mean_act,tC/ha,48.0,ON-MAIN-74997012,,https://zenodo.org/records/15777016
carbon_stock-74997012-3,agbc,mean_prim,tC/ha,61.0,ON-MAIN-74997012,,https://zenodo.org/records/15777016
carbon_stock-74997012-4,bgbc,area_ha,ha,57.27254,ON-MAIN-74997012,,https://zenodo.org/records/15777016
carbon_stock-74997012-5,bgbc,mean_act,tC/ha,11.0,ON-MAIN-74997012,,https://zenodo.org/records/15777016
carbon_stock-74997012-6,bgbc,mean_prim,tC/ha,17.0,ON-MAIN-74997012,,https://zenodo.org/records/15777016
carbon_stock-74997012-7,soc,area_ha,ha,57.27254,ON-MAIN-74997012,,https://zenodo.org/records/15777016
carbon_stock-74997012-8,soc,mean_act,tC/ha,76.0,ON-MAIN-74997012,,https://zenodo.org/records/15777016
carbon_stock-74997012-9,soc,mean_prim,tC/ha,79.0,ON-MAIN-74997012,,https://zenodo.org/records/15777016
carbon_stock-7607a50e-1,agbc,area_ha,ha,57.514046,ON-MAIN-7607a50e,,https://zenodo.org/records/15777016
carbon_stock-7607a50e-2,agbc,mean_act,tC/ha,34.0,ON-MAIN-7607a50e,,https://zenodo.org/records/15777016
carbon_stock-7607a50e-3,agbc,mean_prim,tC/ha,60.0,ON-MAIN-7607a50e,,https://zenodo.org/records/15777016
carbon_stock-7607a50e-4,bgbc,area_ha,ha,57.514046,ON-MAIN-7607a50e,,https://zenodo.org/records/15777016
carbon_stock-7607a50e-5,bgbc,mean_act,tC/ha,10.0,ON-MAIN-7607a50e,,https://zenodo.org/records/15777016
carbon_stock-7607a50e-6,bgbc,mean_prim,tC/ha,16.0,ON-MAIN-7607a50e,,https://zenodo.org/records/15777016
carbon_stock-7607a50e-7,soc,area_ha,ha,57.514046,ON-MAIN-7607a50e,,https://zenodo.org/records/15777016
carbon_stock-7607a50e-8,soc,mean_act,tC/ha,80.0,ON-MAIN-7607a50e,,https://zenodo.org/records/15777016
carbon_stock-7607a50e-9,soc,mean_prim,tC/ha,80.0,ON-MAIN-7607a50e,,https://zenodo.org/records/15777016
carbon_stock-7f050560-1,agbc,area_ha,ha,53.9724,ON-MAIN-7f050560,,https://zenodo.org/records/15777016
carbon_stock-7f050560-2,agbc,mean_act,tC/ha,19.0,ON-MAIN-7f050560,,https://zenodo.org/records/15777016
carbon_stock-7f050560-3,agbc,mean_prim,tC/ha,44.0,ON-MAIN-7f050560,,https://zenodo.org/records/15777016
carbon_stock-7f050560-4,bgbc,area_ha,ha,53.9724,ON-MAIN-7f050560,,https://zenodo.org/records/15777016
carbon_stock-7f050560-5,bgbc,mean_act,tC/ha,5.0,ON-MAIN-7f050560,,https://zenodo.org/records/15777016
carbon_stock-7f050560-6,bgbc,mean_prim,tC/ha,11.0,ON-MAIN-7f050560,,https://zenodo.org/records/15777016
carbon_stock-7f050560-7,soc,area_ha,ha,53.9724,ON-MAIN-7f050560,,https://zenodo.org/records/15777016
carbon_stock-7f050560-8,soc,mean_act,tC/ha,78.0,ON-MAIN-7f050560,,https://zenodo.org/records/15777016
carbon_stock-7f050560-9,soc,mean_prim,tC/ha,78.0,ON-MAIN-7f050560,,https://zenodo.org/records/15777016
carbon_stock-8629a493-1,agbc,area_ha,ha,56.927456,ON-MAIN-8629a493,GRP-0d911886,https://zenodo.org/records/15777016
carbon_stock-8629a493-2,agbc,mean_act,tC/ha,15.0,ON-MAIN-8629a493,GRP-0d911886,https://zenodo.org/records/15777016
carbon_stock-8629a493-3,agbc,mean_prim,tC/ha,58.0,ON-MAIN-8629a493,GRP-0d911886,https://zenodo.org/records/15777016
carbon_stock-8629a493-4,bgbc,area_ha,ha,56.927456,ON-MAIN-8629a493,GRP-0d911886,https://zenodo.org/records/15777016
carbon_stock-8629a493-5,bgbc,mean_act,tC/ha,4.0,ON-MAIN-8629a493,GRP-0d911886,https://zenodo.org/records/15777016
carbon_stock-8629a493-6,bgbc,mean_prim,tC/ha,16.0,ON-MAIN-8629a493,GRP-0d911886,https://zenodo.org/records/15777016
carbon_stock-8629a493-7,soc,area_ha,ha,56.927456,ON-MAIN-8629a493,GRP-0d911886,https://zenodo.org/records/15777016
carbon_stock-8629a493-8,soc,mean_act,tC/ha,88.0,ON-MAIN-8629a493,GRP-0d911886,https://zenodo.org/records/15777016
carbon_stock-8629a493-9,soc,mean_prim,tC/ha,88.0,ON-MAIN-8629a493,GRP-0d911886,https://zenodo.org/records/15777016
carbon_stock-8825d90d-1,agbc,area_ha,ha,57.132843,ON-MAIN-8825d90d,,https://zenodo.org/records/15777016
carbon_stock-8825d90d-2,agbc,mean_act,tC/ha,29.0,ON-MAIN-8825d90d,,https://zenodo.org/records/15777016
carbon_stock-8825d90d-3,agbc,mean_prim,tC/ha,58.0,ON-MAIN-8825d90d,,https://zenodo.org/records/15777016
carbon_stock-8825d90d-4,bgbc,area_ha,ha,57.132843,ON-MAIN-8825d90d,,https://zenodo.org/records/15777016
carbon_stock-8825d90d-5,bgbc,mean_act,tC/ha,7.0,ON-MAIN-8825d90d,,https://zenodo.org/records/15777016
carbon_stock-8825d90d-6,bgbc,mean_prim,tC/ha,15.0,ON-MAIN-8825d90d,,https://zenodo.org/records/15777016
carbon_stock-8825d90d-7,soc,area_ha,ha,57.132843,ON-MAIN-8825d90d,,https://zenodo.org/records/15777016
carbon_stock-8825d90d-8,soc,mean_act,tC/ha,80.0,ON-MAIN-8825d90d,,https://zenodo.org/records/15777016
carbon_stock-8825d90d-9,soc,mean_prim,tC/ha,81.0,ON-MAIN-8825d90d,,https://zenodo.org/records/15777016
carbon_stock-8b86d975-1,agbc,area_ha,ha,59.51525,ON-MAIN-8b86d975,,https://zenodo.org/records/15777016
carbon_stock-8b86d975-2,agbc,mean_act,tC/ha,86.0,ON-MAIN-8b86d975,,https://zenodo.org/records/15777016
carbon_stock-8b86d975-3,agbc,mean_prim,tC/ha,89.0,ON-MAIN-8b86d975,,https://zenodo.org/records/15777016
carbon_stock-8b86d975-4,bgbc,area_ha,ha,59.51525,ON-MAIN-8b86d975,,https://zenodo.org/records/15777016
carbon_stock-8b86d975-5,bgbc,mean_act,tC/ha,25.0,ON-MAIN-8b86d975,,https://zenodo.org/records/15777016
carbon_stock-8b86d975-6,bgbc,mean_prim,tC/ha,25.0,ON-MAIN-8b86d975,,https://zenodo.org/records/15777016
carbon_stock-8b86d975-7,soc,area_ha,ha,59.51525,ON-MAIN-8b86d975,,https://zenodo.org/records/15777016
carbon_stock-8b86d975-8,soc,mean_act,tC/ha,63.0,ON-MAIN-8b86d975,,https://zenodo.org/records/15777016
carbon_stock-8b86d975-9,soc,mean_prim,tC/ha,66.0,ON-MAIN-8b86d975,,https://zenodo.org/records/15777016
carbon_stock-92cdea80-1,agbc,area_ha,ha,61.916485,ON-MAIN-92cdea80,,https://zenodo.org/records/15777016
carbon_stock-92cdea80-2,agbc,mean_act,tC/ha,4.0,ON-MAIN-92cdea80,,https://zenodo.org/records/15777016
carbon_stock-92cdea80-3,agbc,mean_prim,tC/ha,53.0,ON-MAIN-92cdea80,,https://zenodo.org/records/15777016
carbon_stock-92cdea80-4,bgbc,area_ha,ha,61.916485,ON-MAIN-92cdea80,,https://zenodo.org/records/15777016
carbon_stock-92cdea80-5,bgbc,mean_act,tC/ha,1.0,ON-MAIN-92cdea80,,https://zenodo.org/records/15777016
carbon_stock-92cdea80-6,bgbc,mean_prim,tC/ha,13.0,ON-MAIN-92cdea80,,https://zenodo.org/records/15777016
carbon_stock-92cdea80-7,soc,area_ha,ha,61.916485,ON-MAIN-92cdea80,,https://zenodo.org/records/15777016
carbon_stock-92cdea80-8,soc,mean_act,tC/ha,77.0,ON-MAIN-92cdea80,,https://zenodo.org/records/15777016
carbon_stock-92cdea80-9,soc,mean_prim,tC/ha,83.0,ON-MAIN-92cdea80,,https://zenodo.org/records/15777016
carbon_stock-97ee890f-1,agbc,area_ha,ha,54.716877,ON-MAIN-97ee890f,,https://zenodo.org/records/15777016
carbon_stock-97ee890f-2,agbc,mean_act,tC/ha,49.0,ON-MAIN-97ee890f,,https://zenodo.org/records/15777016
carbon_stock-97ee890f-3,agbc,mean_prim,tC/ha,50.0,ON-MAIN-97ee890f,,https://zenodo.org/records/15777016
carbon_stock-97ee890f-4,bgbc,area_ha,ha,54.716877,ON-MAIN-97ee890f,,https://zenodo.org/records/15777016
carbon_stock-97ee890f-5,bgbc,mean_act,tC/ha,12.0,ON-MAIN-97ee890f,,https://zenodo.org/records/15777016
carbon_stock-97ee890f-6,bgbc,mean_prim,tC/ha,13.0,ON-MAIN-97ee890f,,https://zenodo.org/records/15777016
carbon_stock-97ee890f-7,soc,area_ha,ha,54.716877,ON-MAIN-97ee890f,,https://zenodo.org/records/15777016
carbon_stock-97ee890f-8,soc,mean_act,tC/ha,76.0,ON-MAIN-97ee890f,,https://zenodo.org/records/15777016
carbon_stock-97ee890f-9,soc,mean_prim,tC/ha,81.0,ON-MAIN-97ee890f,,https://zenodo.org/records/15777016
carbon_stock-9a34108c-1,agbc,area_ha,ha,59.19038,ON-MAIN-9a34108c,,https://zenodo.org/records/15777016
carbon_stock-9a34108c-2,agbc,mean_act,tC/ha,33.0,ON-MAIN-9a34108c,,https://zenodo.org/records/15777016
carbon_stock-9a34108c-3,agbc,mean_prim,tC/ha,66.0,ON-MAIN-9a34108c,,https://zenodo.org/records/15777016
carbon_stock-9a34108c-4,bgbc,area_ha,ha,59.19038,ON-MAIN-9a34108c,,https://zenodo.org/records/15777016
carbon_stock-9a34108c-5,bgbc,mean_act,tC/ha,7.0,ON-MAIN-9a34108c,,https://zenodo.org/records/15777016
carbon_stock-9a34108c-6,bgbc,mean_prim,tC/ha,18.0,ON-MAIN-9a34108c,,https://zenodo.org/records/15777016
carbon_stock-9a34108c-7,soc,area_ha,ha,59.19038,ON-MAIN-9a34108c,,https://zenodo.org/records/15777016
carbon_stock-9a34108c-8,soc,mean_act,tC/ha,59.0,ON-MAIN-9a34108c,,https://zenodo.org/records/15777016
carbon_stock-9a34108c-9,soc,mean_prim,tC/ha,67.0,ON-MAIN-9a34108c,,https://zenodo.org/records/15777016
carbon_stock-a3c56a83-1,agbc,area_ha,ha,56.137913,ON-MAIN-a3c56a83,,https://zenodo.org/records/15777016
carbon_stock-a3c56a83-2,agbc,mean_act,tC/ha,14.0,ON-MAIN-a3c56a83,,https://zenodo.org/records/15777016
carbon_stock-a3c56a83-3,agbc,mean_prim,tC/ha,51.0,ON-MAIN-a3c56a83,,https://zenodo.org/records/15777016
carbon_stock-a3c56a83-4,bgbc,area_ha,ha,56.137913,ON-MAIN-a3c56a83,,https://zenodo.org/records/15777016
carbon_stock-a3c56a83-5,bgbc,mean_act,tC/ha,5.0,ON-MAIN-a3c56a83,,https://zenodo.org/records/15777016
carbon_stock-a3c56a83-6,bgbc,mean_prim,tC/ha,14.0,ON-MAIN-a3c56a83,,https://zenodo.org/records/15777016
carbon_stock-a3c56a83-7,soc,area_ha,ha,56.137913,ON-MAIN-a3c56a83,,https://zenodo.org/records/15777016
carbon_stock-a3c56a83-8,soc,mean_act,tC/ha,69.0,ON-MAIN-a3c56a83,,https://zenodo.org/records/15777016
carbon_stock-a3c56a83-9,soc,mean_prim,tC/ha,79.0,ON-MAIN-a3c56a83,,https://zenodo.org/records/15777016
carbon_stock-aeafbb59-1,agbc,area_ha,ha,55.16793,ON-MAIN-aeafbb59,,https://zenodo.org/records/15777016
carbon_stock-aeafbb59-2,agbc,mean_act,tC/ha,15.0,ON-MAIN-aeafbb59,,https://zenodo.org/records/15777016
carbon_stock-aeafbb59-3,agbc,mean_prim,tC/ha,22.0,ON-MAIN-aeafbb59,,https://zenodo.org/records/15777016
carbon_stock-aeafbb59-4,bgbc,area_ha,ha,55.16793,ON-MAIN-aeafbb59,,https://zenodo.org/records/15777016
carbon_stock-aeafbb59-5,bgbc,mean_act,tC/ha,4.0,ON-MAIN-aeafbb59,,https://zenodo.org/records/15777016
carbon_stock-aeafbb59-6,bgbc,mean_prim,tC/ha,6.0,ON-MAIN-aeafbb59,,https://zenodo.org/records/15777016
carbon_stock-aeafbb59-7,soc,area_ha,ha,55.16793,ON-MAIN-aeafbb59,,https://zenodo.org/records/15777016
carbon_stock-aeafbb59-8,soc,mean_act,tC/ha,85.0,ON-MAIN-aeafbb59,,https://zenodo.org/records/15777016
carbon_stock-aeafbb59-9,soc,mean_prim,tC/ha,102.0,ON-MAIN-aeafbb59,,https://zenodo.org/records/15777016
carbon_stock-b1d981ca-1,agbc,area_ha,ha,59.19038,ON-MAIN-b1d981ca,,https://zenodo.org/records/15777016
carbon_stock-b1d981ca-2,agbc,mean_act,tC/ha,38.0,ON-MAIN-b1d981ca,,https://zenodo.org/records/15777016
carbon_stock-b1d981ca-3,agbc,mean_prim,tC/ha,66.0,ON-MAIN-b1d981ca,,https://zenodo.org/records/15777016
carbon_stock-b1d981ca-4,bgbc,area_ha,ha,59.19038,ON-MAIN-b1d981ca,,https://zenodo.org/records/15777016
carbon_stock-b1d981ca-5,bgbc,mean_act,tC/ha,9.0,ON-MAIN-b1d981ca,,https://zenodo.org/records/15777016
carbon_stock-b1d981ca-6,bgbc,mean_prim,tC/ha,18.0,ON-MAIN-b1d981ca,,https://zenodo.org/records/15777016
carbon_stock-b1d981ca-7,soc,area_ha,ha,59.19038,ON-MAIN-b1d981ca,,https://zenodo.org/records/15777016
carbon_stock-b1d981ca-8,soc,mean_act,tC/ha,60.0,ON-MAIN-b1d981ca,,https://zenodo.org/records/15777016
carbon_stock-b1d981ca-9,soc,mean_prim,tC/ha,68.0,ON-MAIN-b1d981ca,,https://zenodo.org/records/15777016
carbon_stock-b2e5c9bb-1,agbc,area_ha,ha,62.99621,ON-MAIN-b2e5c9bb,,https://zenodo.org/records/15777016
carbon_stock-b2e5c9bb-2,agbc,mean_act,tC/ha,6.0,ON-MAIN-b2e5c9bb,,https://zenodo.org/records/15777016
carbon_stock-b2e5c9bb-3,agbc,mean_prim,tC/ha,57.0,ON-MAIN-b2e5c9bb,,https://zenodo.org/records/15777016
carbon_stock-b2e5c9bb-4,bgbc,area_ha,ha,62.99621,ON-MAIN-b2e5c9bb,,https://zenodo.org/records/15777016
carbon_stock-b2e5c9bb-5,bgbc,mean_act,tC/ha,2.0,ON-MAIN-b2e5c9bb,,https://zenodo.org/records/15777016
carbon_stock-b2e5c9bb-6,bgbc,mean_prim,tC/ha,15.0,ON-MAIN-b2e5c9bb,,https://zenodo.org/records/15777016
carbon_stock-b2e5c9bb-7,soc,area_ha,ha,62.99621,ON-MAIN-b2e5c9bb,,https://zenodo.org/records/15777016
carbon_stock-b2e5c9bb-8,soc,mean_act,tC/ha,66.0,ON-MAIN-b2e5c9bb,,https://zenodo.org/records/15777016
carbon_stock-b2e5c9bb-9,soc,mean_prim,tC/ha,73.0,ON-MAIN-b2e5c9bb,,https://zenodo.org/records/15777016
carbon_stock-bddeaef0-1,agbc,area_ha,ha,62.416103,ON-MAIN-bddeaef0,,https://zenodo.org/records/15777016
carbon_stock-bddeaef0-2,agbc,mean_act,tC/ha,22.0,ON-MAIN-bddeaef0,,https://zenodo.org/records/15777016
carbon_stock-bddeaef0-3,agbc,mean_prim,tC/ha,63.0,ON-MAIN-bddeaef0,,https://zenodo.org/records/15777016
carbon_stock-bddeaef0-4,bgbc,area_ha,ha,62.416103,ON-MAIN-bddeaef0,,https://zenodo.org/records/15777016
carbon_stock-bddeaef0-5,bgbc,mean_act,tC/ha,5.0,ON-MAIN-bddeaef0,,https://zenodo.org/records/15777016
carbon_stock-bddeaef0-6,bgbc,mean_prim,tC/ha,17.0,ON-MAIN-bddeaef0,,https://zenodo.org/records/15777016
carbon_stock-bddeaef0-7,soc,area_ha,ha,62.416103,ON-MAIN-bddeaef0,,https://zenodo.org/records/15777016
carbon_stock-bddeaef0-8,soc,mean_act,tC/ha,71.0,ON-MAIN-bddeaef0,,https://zenodo.org/records/15777016
carbon_stock-bddeaef0-9,soc,mean_prim,tC/ha,72.0,ON-MAIN-bddeaef0,,https://zenodo.org/records/15777016
carbon_stock-be399420-1,agbc,area_ha,ha,56.571327,ON-MAIN-be399420,,https://zenodo.org/records/15777016
carbon_stock-be399420-2,agbc,mean_act,tC/ha,45.0,ON-MAIN-be399420,,https://zenodo.org/records/15777016
carbon_stock-be399420-3,agbc,mean_prim,tC/ha,50.0,ON-MAIN-be399420,,https://zenodo.org/records/15777016
carbon_stock-be399420-4,bgbc,area_ha,ha,56.571327,ON-MAIN-be399420,,https://zenodo.org/records/15777016
carbon_stock-be399420-5,bgbc,mean_act,tC/ha,11.0,ON-MAIN-be399420,,https://zenodo.org/records/15777016
carbon_stock-be399420-6,bgbc,mean_prim,tC/ha,13.0,ON-MAIN-be399420,,https://zenodo.org/records/15777016
carbon_stock-be399420-7,soc,area_ha,ha,56.571327,ON-MAIN-be399420,,https://zenodo.org/records/15777016
carbon_stock-be399420-8,soc,mean_act,tC/ha,78.0,ON-MAIN-be399420,,https://zenodo.org/records/15777016
carbon_stock-be399420-9,soc,mean_prim,tC/ha,78.0,ON-MAIN-be399420,,https://zenodo.org/records/15777016
carbon_stock-bfbcd72e-1,agbc,area_ha,ha,56.833908,ON-MAIN-bfbcd72e,GRP-147b3123,https://zenodo.org/records/15777016
carbon_stock-bfbcd72e-2,agbc,mean_act,tC/ha,19.0,ON-MAIN-bfbcd72e,GRP-147b3123,https://zenodo.org/records/15777016
carbon_stock-bfbcd72e-3,agbc,mean_prim,tC/ha,50.0,ON-MAIN-bfbcd72e,GRP-147b3123,https://zenodo.org/records/15777016
carbon_stock-bfbcd72e-4,bgbc,area_ha,ha,56.833908,ON-MAIN-bfbcd72e,GRP-147b3123,https://zenodo.org/records/15777016
carbon_stock-bfbcd72e-5,bgbc,mean_act,tC/ha,7.0,ON-MAIN-bfbcd72e,GRP-147b3123,https://zenodo.org/records/15777016
carbon_stock-bfbcd72e-6,bgbc,mean_prim,tC/ha,14.0,ON-MAIN-bfbcd72e,GRP-147b3123,https://zenodo.org/records/15777016
carbon_stock-bfbcd72e-7,soc,area_ha,ha,56.833908,ON-MAIN-bfbcd72e,GRP-147b3123,https://zenodo.org/records/15777016
carbon_stock-bfbcd72e-8,soc,mean_act,tC/ha,100.0,ON-MAIN-bfbcd72e,GRP-147b3123,https://zenodo.org/records/15777016
carbon_stock-bfbcd72e-9,soc,mean_prim,tC/ha,100.0,ON-MAIN-bfbcd72e,GRP-147b3123,https://zenodo.org/records/15777016
carbon_stock-c06904f0-1,agbc,area_ha,ha,52.14632,ON-MAIN-c06904f0,,https://zenodo.org/records/15777016
carbon_stock-c06904f0-2,agbc,mean_act,tC/ha,42.0,ON-MAIN-c06904f0,,https://zenodo.org/records/15777016
carbon_stock-c06904f0-3,agbc,mean_prim,tC/ha,42.0,ON-MAIN-c06904f0,,https://zenodo.org/records/15777016
carbon_stock-c06904f0-4,bgbc,area_ha,ha,52.14632,ON-MAIN-c06904f0,,https://zenodo.org/records/15777016
carbon_stock-c06904f0-5,bgbc,mean_act,tC/ha,10.0,ON-MAIN-c06904f0,,https://zenodo.org/records/15777016
carbon_stock-c06904f0-6,bgbc,mean_prim,tC/ha,11.0,ON-MAIN-c06904f0,,https://zenodo.org/records/15777016
carbon_stock-c06904f0-7,soc,area_ha,ha,52.14632,ON-MAIN-c06904f0,,https://zenodo.org/records/15777016
carbon_stock-c06904f0-8,soc,mean_act,tC/ha,76.0,ON-MAIN-c06904f0,,https://zenodo.org/records/15777016
carbon_stock-c06904f0-9,soc,mean_prim,tC/ha,83.0,ON-MAIN-c06904f0,,https://zenodo.org/records/15777016
carbon_stock-c5fefb01-1,agbc,area_ha,ha,57.328346,ON-MAIN-c5fefb01,,https://zenodo.org/records/15777016
carbon_stock-c5fefb01-2,agbc,mean_act,tC/ha,49.0,ON-MAIN-c5fefb01,,https://zenodo.org/records/15777016
carbon_stock-c5fefb01-3,agbc,mean_prim,tC/ha,66.0,ON-MAIN-c5fefb01,,https://zenodo.org/records/15777016
carbon_stock-c5fefb01-4,bgbc,area_ha,ha,57.328346,ON-MAIN-c5fefb01,,https://zenodo.org/records/15777016
carbon_stock-c5fefb01-5,bgbc,mean_act,tC/ha,13.0,ON-MAIN-c5fefb01,,https://zenodo.org/records/15777016
carbon_stock-c5fefb01-6,bgbc,mean_prim,tC/ha,17.0,ON-MAIN-c5fefb01,,https://zenodo.org/records/15777016
carbon_stock-c5fefb01-7,soc,area_ha,ha,57.328346,ON-MAIN-c5fefb01,,https://zenodo.org/records/15777016
carbon_stock-c5fefb01-8,soc,mean_act,tC/ha,72.0,ON-MAIN-c5fefb01,,https://zenodo.org/records/15777016
carbon_stock-c5fefb01-9,soc,mean_prim,tC/ha,72.0,ON-MAIN-c5fefb01,,https://zenodo.org/records/15777016
carbon_stock-cb85213a-1,agbc,area_ha,ha,57.467667,ON-MAIN-cb85213a,,https://zenodo.org/records/15777016
carbon_stock-cb85213a-2,agbc,mean_act,tC/ha,55.0,ON-MAIN-cb85213a,,https://zenodo.org/records/15777016
carbon_stock-cb85213a-3,agbc,mean_prim,tC/ha,66.0,ON-MAIN-cb85213a,,https://zenodo.org/records/15777016
carbon_stock-cb85213a-4,bgbc,area_ha,ha,57.467667,ON-MAIN-cb85213a,,https://zenodo.org/records/15777016
carbon_stock-cb85213a-5,bgbc,mean_act,tC/ha,15.0,ON-MAIN-cb85213a,,https://zenodo.org/records/15777016
carbon_stock-cb85213a-6,bgbc,mean_prim,tC/ha,17.0,ON-MAIN-cb85213a,,https://zenodo.org/records/15777016
carbon_stock-cb85213a-7,soc,area_ha,ha,57.467667,ON-MAIN-cb85213a,,https://zenodo.org/records/15777016
carbon_stock-cb85213a-8,soc,mean_act,tC/ha,52.0,ON-MAIN-cb85213a,,https://zenodo.org/records/15777016
carbon_stock-cb85213a-9,soc,mean_prim,tC/ha,72.0,ON-MAIN-cb85213a,,https://zenodo.org/records/15777016
carbon_stock-d47616e5-1,agbc,area_ha,ha,54.832283,ON-MAIN-d47616e5,,https://zenodo.org/records/15777016
carbon_stock-d47616e5-2,agbc,mean_act,tC/ha,32.0,ON-MAIN-d47616e5,,https://zenodo.org/records/15777016
carbon_stock-d47616e5-3,agbc,mean_prim,tC/ha,37.0,ON-MAIN-d47616e5,,https://zenodo.org/records/15777016
carbon_stock-d47616e5-4,bgbc,area_ha,ha,54.832283,ON-MAIN-d47616e5,,https://zenodo.org/records/15777016
carbon_stock-d47616e5-5,bgbc,mean_act,tC/ha,11.0,ON-MAIN-d47616e5,,https://zenodo.org/records/15777016
carbon_stock-d47616e5-6,bgbc,mean_prim,tC/ha,11.0,ON-MAIN-d47616e5,,https://zenodo.org/records/15777016
carbon_stock-d47616e5-7,soc,area_ha,ha,54.832283,ON-MAIN-d47616e5,,https://zenodo.org/records/15777016
carbon_stock-d47616e5-8,soc,mean_act,tC/ha,103.0,ON-MAIN-d47616e5,,https://zenodo.org/records/15777016
carbon_stock-d47616e5-9,soc,mean_prim,tC/ha,105.0,ON-MAIN-d47616e5,,https://zenodo.org/records/15777016
carbon_stock-dca9cce7-1,agbc,area_ha,ha,60.25803,ON-MAIN-dca9cce7,,https://zenodo.org/records/15777016
carbon_stock-dca9cce7-2,agbc,mean_act,tC/ha,6.0,ON-MAIN-dca9cce7,,https://zenodo.org/records/15777016
carbon_stock-dca9cce7-3,agbc,mean_prim,tC/ha,57.0,ON-MAIN-dca9cce7,,https://zenodo.org/records/15777016
carbon_stock-dca9cce7-4,bgbc,area_ha,ha,60.25803,ON-MAIN-dca9cce7,,https://zenodo.org/records/15777016
carbon_stock-dca9cce7-5,bgbc,mean_act,tC/ha,2.0,ON-MAIN-dca9cce7,,https://zenodo.org/records/15777016
carbon_stock-dca9cce7-6,bgbc,mean_prim,tC/ha,16.0,ON-MAIN-dca9cce7,,https://zenodo.org/records/15777016
carbon_stock-dca9cce7-7,soc,area_ha,ha,60.25803,ON-MAIN-dca9cce7,,https://zenodo.org/records/15777016
carbon_stock-dca9cce7-8,soc,mean_act,tC/ha,78.0,ON-MAIN-dca9cce7,,https://zenodo.org/records/15777016
carbon_stock-dca9cce7-9,soc,mean_prim,tC/ha,78.0,ON-MAIN-dca9cce7,,https://zenodo.org/records/15777016
carbon_stock-de2f9639-1,agbc,area_ha,ha,59.10891,ON-MAIN-de2f9639,GRP-dc07540b,https://zenodo.org/records/15777016
carbon_stock-de2f9639-2,agbc,mean_act,tC/ha,8.0,ON-MAIN-de2f9639,GRP-dc07540b,https://zenodo.org/records/15777016
carbon_stock-de2f9639-3,agbc,mean_prim,tC/ha,65.0,ON-MAIN-de2f9639,GRP-dc07540b,https://zenodo.org/records/15777016
carbon_stock-de2f9639-4,bgbc,area_ha,ha,59.10891,ON-MAIN-de2f9639,GRP-dc07540b,https://zenodo.org/records/15777016
carbon_stock-de2f9639-5,bgbc,mean_act,tC/ha,3.0,ON-MAIN-de2f9639,GRP-dc07540b,https://zenodo.org/records/15777016
carbon_stock-de2f9639-6,bgbc,mean_prim,tC/ha,17.0,ON-MAIN-de2f9639,GRP-dc07540b,https://zenodo.org/records/15777016
carbon_stock-de2f9639-7,soc,area_ha,ha,59.10891,ON-MAIN-de2f9639,GRP-dc07540b,https://zenodo.org/records/15777016
carbon_stock-de2f9639-8,soc,mean_act,tC/ha,70.0,ON-MAIN-de2f9639,GRP-dc07540b,https://zenodo.org/records/15777016
carbon_stock-de2f9639-9,soc,mean_prim,tC/ha,70.0,ON-MAIN-de2f9639,GRP-dc07540b,https://zenodo.org/records/15777016
carbon_stock-e928d96a-1,agbc,area_ha,ha,62.089268,ON-MAIN-e928d96a,,https://zenodo.org/records/15777016
carbon_stock-e928d96a-2,agbc,mean_act,tC/ha,2.0,ON-MAIN-e928d96a,,https://zenodo.org/records/15777016
carbon_stock-e928d96a-3,agbc,mean_prim,tC/ha,58.0,ON-MAIN-e928d96a,,https://zenodo.org/records/15777016
carbon_stock-e928d96a-4,bgbc,area_ha,ha,62.089268,ON-MAIN-e928d96a,,https://zenodo.org/records/15777016
carbon_stock-e928d96a-5,bgbc,mean_act,tC/ha,1.0,ON-MAIN-e928d96a,,https://zenodo.org/records/15777016
carbon_stock-e928d96a-6,bgbc,mean_prim,tC/ha,16.0,ON-MAIN-e928d96a,,https://zenodo.org/records/15777016
carbon_stock-e928d96a-7,soc,area_ha,ha,62.089268,ON-MAIN-e928d96a,,https://zenodo.org/records/15777016
carbon_stock-e928d96a-8,soc,mean_act,tC/ha,82.0,ON-MAIN-e928d96a,,https://zenodo.org/records/15777016
carbon_stock-e928d96a-9,soc,mean_prim,tC/ha,82.0,ON-MAIN-e928d96a,,https://zenodo.org/records/15777016
carbon_stock-eab8c362-1,agbc,area_ha,ha,59.08173,ON-MAIN-eab8c362,,https://zenodo.org/records/15777016
carbon_stock-eab8c362-2,agbc,mean_act,tC/ha,5.0,ON-MAIN-eab8c362,,https://zenodo.org/records/15777016
carbon_stock-eab8c362-3,agbc,mean_prim,tC/ha,54.0,ON-MAIN-eab8c362,,https://zenodo.org/records/15777016
carbon_stock-eab8c362-4,bgbc,area_ha,ha,59.08173,ON-MAIN-eab8c362,,https://zenodo.org/records/15777016
carbon_stock-eab8c362-5,bgbc,mean_act,tC/ha,1.0,ON-MAIN-eab8c362,,https://zenodo.org/records/15777016
carbon_stock-eab8c362-6,bgbc,mean_prim,tC/ha,15.0,ON-MAIN-eab8c362,,https://zenodo.org/records/15777016
carbon_stock-eab8c362-7,soc,area_ha,ha,59.08173,ON-MAIN-eab8c362,,https://zenodo.org/records/15777016
carbon_stock-eab8c362-8,soc,mean_act,tC/ha,51.0,ON-MAIN-eab8c362,,https://zenodo.org/records/15777016
carbon_stock-eab8c362-9,soc,mean_prim,tC/ha,74.0,ON-MAIN-eab8c362,,https://zenodo.org/records/15777016
carbon_stock-ed85ac94-1,agbc,area_ha,ha,58.91841,ON-MAIN-ed85ac94,GRP-de097f20,https://zenodo.org/records/15777016
carbon_stock-ed85ac94-2,agbc,mean_act,tC/ha,26.0,ON-MAIN-ed85ac94,GRP-de097f20,https://zenodo.org/records/15777016
carbon_stock-ed85ac94-3,agbc,mean_prim,tC/ha,68.0,ON-MAIN-ed85ac94,GRP-de097f20,https://zenodo.org/records/15777016
carbon_stock-ed85ac94-4,bgbc,area_ha,ha,58.91841,ON-MAIN-ed85ac94,GRP-de097f20,https://zenodo.org/records/15777016
carbon_stock-ed85ac94-5,bgbc,mean_act,tC/ha,7.0,ON-MAIN-ed85ac94,GRP-de097f20,https://zenodo.org/records/15777016
carbon_stock-ed85ac94-6,bgbc,mean_prim,tC/ha,19.0,ON-MAIN-ed85ac94,GRP-de097f20,https://zenodo.org/records/15777016
carbon_stock-ed85ac94-7,soc,area_ha,ha,58.91841,ON-MAIN-ed85ac94,GRP-de097f20,https://zenodo.org/records/15777016
carbon_stock-ed85ac94-8,soc,mean_act,tC/ha,69.0,ON-MAIN-ed85ac94,GRP-de097f20,https://zenodo.org/records/15777016
carbon_stock-ed85ac94-9,soc,mean_prim,tC/ha,73.0,ON-MAIN-ed85ac94,GRP-de097f20,https://zenodo.org/records/15777016
carbon_stock-eda110b0-1,agbc,area_ha,ha,55.81595,ON-MAIN-eda110b0,,https://zenodo.org/records/15777016
carbon_stock-eda110b0-2,agbc,mean_act,tC/ha,47.0,ON-MAIN-eda110b0,,https://zenodo.org/records/15777016
carbon_stock-eda110b0-3,agbc,mean_prim,tC/ha,49.0,ON-MAIN-eda110b0,,https://zenodo.org/records/15777016
carbon_stock-eda110b0-4,bgbc,area_ha,ha,55.81595,ON-MAIN-eda110b0,,https://zenodo.org/records/15777016
carbon_stock-eda110b0-5,bgbc,mean_act,tC/ha,14.0,ON-MAIN-eda110b0,,https://zenodo.org/records/15777016
carbon_stock-eda110b0-6,bgbc,mean_prim,tC/ha,14.0,ON-MAIN-eda110b0,,https://zenodo.org/records/15777016
carbon_stock-eda110b0-7,soc,area_ha,ha,55.81595,ON-MAIN-eda110b0,,https://zenodo.org/records/15777016
carbon_stock-eda110b0-8,soc,mean_act,tC/ha,84.0,ON-MAIN-eda110b0,,https://zenodo.org/records/15777016
carbon_stock-eda110b0-9,soc,mean_prim,tC/ha,84.0,ON-MAIN-eda110b0,,https://zenodo.org/records/15777016
carbon_stock-f080c409-1,agbc,area_ha,ha,59.117966,ON-MAIN-f080c409,GRP-dc07540b,https://zenodo.org/records/15777016
carbon_stock-f080c409-2,agbc,mean_act,tC/ha,6.0,ON-MAIN-f080c409,GRP-dc07540b,https://zenodo.org/records/15777016
carbon_stock-f080c409-3,agbc,mean_prim,tC/ha,66.0,ON-MAIN-f080c409,GRP-dc07540b,https://zenodo.org/records/15777016
carbon_stock-f080c409-4,bgbc,area_ha,ha,59.117966,ON-MAIN-f080c409,GRP-dc07540b,https://zenodo.org/records/15777016
carbon_stock-f080c409-5,bgbc,mean_act,tC/ha,2.0,ON-MAIN-f080c409,GRP-dc07540b,https://zenodo.org/records/15777016
carbon_stock-f080c409-6,bgbc,mean_prim,tC/ha,18.0,ON-MAIN-f080c409,GRP-dc07540b,https://zenodo.org/records/15777016
carbon_stock-f080c409-7,soc,area_ha,ha,59.117966,ON-MAIN-f080c409,GRP-dc07540b,https://zenodo.org/records/15777016
carbon_stock-f080c409-8,soc,mean_act,tC/ha,70.0,ON-MAIN-f080c409,GRP-dc07540b,https://zenodo.org/records/15777016
carbon_stock-f080c409-9,soc,mean_prim,tC/ha,76.0,ON-MAIN-f080c409,GRP-dc07540b,https://zenodo.org/records/15777016
carbon_stock-f3e6ff08-1,agbc,area_ha,ha,57.030224,ON-MAIN-f3e6ff08,GRP-147b3123,https://zenodo.org/records/15777016
carbon_stock-f3e6ff08-2,agbc,mean_act,tC/ha,53.0,ON-MAIN-f3e6ff08,GRP-147b3123,https://zenodo.org/records/15777016
carbon_stock-f3e6ff08-3,agbc,mean_prim,tC/ha,62.0,ON-MAIN-f3e6ff08,GRP-147b3123,https://zenodo.org/records/15777016
carbon_stock-f3e6ff08-4,bgbc,area_ha,ha,57.030224,ON-MAIN-f3e6ff08,GRP-147b3123,https://zenodo.org/records/15777016
carbon_stock-f3e6ff08-5,bgbc,mean_act,tC/ha,14.0,ON-MAIN-f3e6ff08,GRP-147b3123,https://zenodo.org/records/15777016
carbon_stock-f3e6ff08-6,bgbc,mean_prim,tC/ha,16.0,ON-MAIN-f3e6ff08,GRP-147b3123,https://zenodo.org/records/15777016
carbon_stock-f3e6ff08-7,soc,area_ha,ha,57.030224,ON-MAIN-f3e6ff08,GRP-147b3123,https://zenodo.org/records/15777016
carbon_stock-f3e6ff08-8,soc,mean_act,tC/ha,76.0,ON-MAIN-f3e6ff08,GRP-147b3123,https://zenodo.org/records/15777016
carbon_stock-f3e6ff08-9,soc,mean_prim,tC/ha,82.0,ON-MAIN-f3e6ff08,GRP-147b3123,https://zenodo.org/records/15777016
carbon_stock-f4fc3276-1,agbc,area_ha,ha,56.552536,ON-MAIN-f4fc3276,,https://zenodo.org/records/15777016
carbon_stock-f4fc3276-2,agbc,mean_act,tC/ha,68.0,ON-MAIN-f4fc3276,,https://zenodo.org/records/15777016
carbon_stock-f4fc3276-3,agbc,mean_prim,tC/ha,68.0,ON-MAIN-f4fc3276,,https://zenodo.org/records/15777016
carbon_stock-f4fc3276-4,bgbc,area_ha,ha,56.552536,ON-MAIN-f4fc3276,,https://zenodo.org/records/15777016
carbon_stock-f4fc3276-5,bgbc,mean_act,tC/ha,17.0,ON-MAIN-f4fc3276,,https://zenodo.org/records/15777016
carbon_stock-f4fc3276-6,bgbc,mean_prim,tC/ha,17.0,ON-MAIN-f4fc3276,,https://zenodo.org/records/15777016
carbon_stock-f4fc3276-7,soc,area_ha,ha,56.552536,ON-MAIN-f4fc3276,,https://zenodo.org/records/15777016
carbon_stock-f4fc3276-8,soc,mean_act,tC/ha,65.0,ON-MAIN-f4fc3276,,https://zenodo.org/records/15777016
carbon_stock-f4fc3276-9,soc,mean_prim,tC/ha,77.0,ON-MAIN-f4fc3276,,https://zenodo.org/records/15777016
carbon_stock-f8313ebd-1,agbc,area_ha,ha,56.683975,ON-MAIN-f8313ebd,,https://zenodo.org/records/15777016
carbon_stock-f8313ebd-2,agbc,mean_act,tC/ha,13.0,ON-MAIN-f8313ebd,,https://zenodo.org/records/15777016
carbon_stock-f8313ebd-3,agbc,mean_prim,tC/ha,61.0,ON-MAIN-f8313ebd,,https://zenodo.org/records/15777016
carbon_stock-f8313ebd-4,bgbc,area_ha,ha,56.683975,ON-MAIN-f8313ebd,,https://zenodo.org/records/15777016
carbon_stock-f8313ebd-5,bgbc,mean_act,tC/ha,5.0,ON-MAIN-f8313ebd,,https://zenodo.org/records/15777016
carbon_stock-f8313ebd-6,bgbc,mean_prim,tC/ha,16.0,ON-MAIN-f8313ebd,,https://zenodo.org/records/15777016
carbon_stock-f8313ebd-7,soc,area_ha,ha,56.683975,ON-MAIN-f8313ebd,,https://zenodo.org/records/15777016
carbon_stock-f8313ebd-8,soc,mean_act,tC/ha,96.0,ON-MAIN-f8313ebd,,https://zenodo.org/records/15777016
carbon_stock-f8313ebd-9,soc,mean_prim,tC/ha,96.0,ON-MAIN-f8313ebd,,https://zenodo.org/records/15777016
carbon_stock-fc6f1a44-1,agbc,area_ha,ha,60.062,ON-MAIN-fc6f1a44,,https://zenodo.org/records/15777016
carbon_stock-fc6f1a44-2,agbc,mean_act,tC/ha,7.0,ON-MAIN-fc6f1a44,,https://zenodo.org/records/15777016
carbon_stock-fc6f1a44-3,agbc,mean_prim,tC/ha,46.0,ON-MAIN-fc6f1a44,,https://zenodo.org/records/15777016
carbon_stock-fc6f1a44-4,bgbc,area_ha,ha,60.062,ON-MAIN-fc6f1a44,,https://zenodo.org/records/15777016
carbon_stock-fc6f1a44-5,bgbc,mean_act,tC/ha,2.0,ON-MAIN-fc6f1a44,,https://zenodo.org/records/15777016
carbon_stock-fc6f1a44-6,bgbc,mean_prim,tC/ha,13.0,ON-MAIN-fc6f1a44,,https://zenodo.org/records/15777016
carbon_stock-fc6f1a44-7,soc,area_ha,ha,60.062,ON-MAIN-fc6f1a44,,https://zenodo.org/records/15777016
carbon_stock-fc6f1a44-8,soc,mean_act,tC/ha,78.0,ON-MAIN-fc6f1a44,,https://zenodo.org/records/15777016
carbon_stock-fc6f1a44-9,soc,mean_prim,tC/ha,83.0,ON-MAIN-fc6f1a44,,https://zenodo.org/records/15777016
carbon_stock-fcb287a4-1,agbc,area_ha,ha,58.93658,ON-MAIN-fcb287a4,GRP-de097f20,https://zenodo.org/records/15777016
carbon_stock-fcb287a4-2,agbc,mean_act,tC/ha,24.0,ON-MAIN-fcb287a4,GRP-de097f20,https://zenodo.org/records/15777016
carbon_stock-fcb287a4-3,agbc,mean_prim,tC/ha,67.0,ON-MAIN-fcb287a4,GRP-de097f20,https://zenodo.org/records/15777016
carbon_stock-fcb287a4-4,bgbc,area_ha,ha,58.93658,ON-MAIN-fcb287a4,GRP-de097f20,https://zenodo.org/records/15777016
carbon_stock-fcb287a4-5,bgbc,mean_act,tC/ha,7.0,ON-MAIN-fcb287a4,GRP-de097f20,https://zenodo.org/records/15777016
carbon_stock-fcb287a4-6,bgbc,mean_prim,tC/ha,19.0,ON-MAIN-fcb287a4,GRP-de097f20,https://zenodo.org/records/15777016
carbon_stock-fcb287a4-7,soc,area_ha,ha,58.93658,ON-MAIN-fcb287a4,GRP-de097f20,https://zenodo.org/records/15777016
carbon_stock-fcb287a4-8,soc,mean_act,tC/ha,60.0,ON-MAIN-fcb287a4,GRP-de097f20,https://zenodo.org/records/15777016
carbon_stock-fcb287a4-9,soc,mean_prim,tC/ha,69.0,ON-MAIN-fcb287a4,GRP-de097f20,https://zenodo.org/records/15777016
carbon_stock-fefeaee4-1,agbc,area_ha,ha,52.1364,ON-MAIN-fefeaee4,,https://zenodo.org/records/15777016
carbon_stock-fefeaee4-2,agbc,mean_act,tC/ha,,ON-MAIN-fefeaee4,,https://zenodo.org/records/15777016
carbon_stock-fefeaee4-3,agbc,mean_prim,tC/ha,,ON-MAIN-fefeaee4,,https://zenodo.org/records/15777016
carbon_stock-fefeaee4-4,bgbc,area_ha,ha,52.1364,ON-MAIN-fefeaee4,,https://zenodo.org/records/15777016
carbon_stock-fefeaee4-5,bgbc,mean_act,tC/ha,,ON-MAIN-fefeaee4,,https://zenodo.org/records/15777016
carbon_stock-fefeaee4-6,bgbc,mean_prim,tC/ha,,ON-MAIN-fefeaee4,,https://zenodo.org/records/15777016
carbon_stock-fefeaee4-7,soc,area_ha,ha,52.1364,ON-MAIN-fefeaee4,,https://zenodo.org/records/15777016
carbon_stock-fefeaee4-8,soc,mean_act,tC/ha,,ON-MAIN-fefeaee4,,https://zenodo.org/records/15777016
carbon_stock-fefeaee4-9,soc,mean_prim,tC/ha,,ON-MAIN-fefeaee4,,https://zenodo.org/records/15777016
carbon_stock-01c1e81f-1,agbc,area_ha,ha,57.114197,QC-MAIN-01c1e81f,GRP-677b5973,https://zenodo.org/records/15777016
carbon_stock-01c1e81f-2,agbc,mean_act,tC/ha,24.0,QC-MAIN-01c1e81f,GRP-677b5973,https://zenodo.org/records/15777016
carbon_stock-01c1e81f-3,agbc,mean_prim,tC/ha,49.0,QC-MAIN-01c1e81f,GRP-677b5973,https://zenodo.org/records/15777016
carbon_stock-01c1e81f-4,bgbc,area_ha,ha,57.114197,QC-MAIN-01c1e81f,GRP-677b5973,https://zenodo.org/records/15777016
carbon_stock-01c1e81f-5,bgbc,mean_act,tC/ha,6.0,QC-MAIN-01c1e81f,GRP-677b5973,https://zenodo.org/records/15777016
carbon_stock-01c1e81f-6,bgbc,mean_prim,tC/ha,13.0,QC-MAIN-01c1e81f,GRP-677b5973,https://zenodo.org/records/15777016
carbon_stock-01c1e81f-7,soc,area_ha,ha,57.114197,QC-MAIN-01c1e81f,GRP-677b5973,https://zenodo.org/records/15777016
carbon_stock-01c1e81f-8,soc,mean_act,tC/ha,82.0,QC-MAIN-01c1e81f,GRP-677b5973,https://zenodo.org/records/15777016
carbon_stock-01c1e81f-9,soc,mean_prim,tC/ha,85.0,QC-MAIN-01c1e81f,GRP-677b5973,https://zenodo.org/records/15777016
carbon_stock-02884fb5-1,agbc,area_ha,ha,57.170124,QC-MAIN-02884fb5,,https://zenodo.org/records/15777016
carbon_stock-02884fb5-2,agbc,mean_act,tC/ha,52.0,QC-MAIN-02884fb5,,https://zenodo.org/records/15777016
carbon_stock-02884fb5-3,agbc,mean_prim,tC/ha,60.0,QC-MAIN-02884fb5,,https://zenodo.org/records/15777016
carbon_stock-02884fb5-4,bgbc,area_ha,ha,57.170124,QC-MAIN-02884fb5,,https://zenodo.org/records/15777016
carbon_stock-02884fb5-5,bgbc,mean_act,tC/ha,13.0,QC-MAIN-02884fb5,,https://zenodo.org/records/15777016
carbon_stock-02884fb5-6,bgbc,mean_prim,tC/ha,16.0,QC-MAIN-02884fb5,,https://zenodo.org/records/15777016
carbon_stock-02884fb5-7,soc,area_ha,ha,57.170124,QC-MAIN-02884fb5,,https://zenodo.org/records/15777016
carbon_stock-02884fb5-8,soc,mean_act,tC/ha,72.0,QC-MAIN-02884fb5,,https://zenodo.org/records/15777016
carbon_stock-02884fb5-9,soc,mean_prim,tC/ha,83.0,QC-MAIN-02884fb5,,https://zenodo.org/records/15777016
carbon_stock-0414a373-1,agbc,area_ha,ha,60.15118,QC-MAIN-0414a373,,https://zenodo.org/records/15777016
carbon_stock-0414a373-2,agbc,mean_act,tC/ha,15.0,QC-MAIN-0414a373,,https://zenodo.org/records/15777016
carbon_stock-0414a373-3,agbc,mean_prim,tC/ha,50.0,QC-MAIN-0414a373,,https://zenodo.org/records/15777016
carbon_stock-0414a373-4,bgbc,area_ha,ha,60.15118,QC-MAIN-0414a373,,https://zenodo.org/records/15777016
carbon_stock-0414a373-5,bgbc,mean_act,tC/ha,5.0,QC-MAIN-0414a373,,https://zenodo.org/records/15777016
carbon_stock-0414a373-6,bgbc,mean_prim,tC/ha,14.0,QC-MAIN-0414a373,,https://zenodo.org/records/15777016
carbon_stock-0414a373-7,soc,area_ha,ha,60.15118,QC-MAIN-0414a373,,https://zenodo.org/records/15777016
carbon_stock-0414a373-8,soc,mean_act,tC/ha,94.0,QC-MAIN-0414a373,,https://zenodo.org/records/15777016
carbon_stock-0414a373-9,soc,mean_prim,tC/ha,94.0,QC-MAIN-0414a373,,https://zenodo.org/records/15777016
carbon_stock-084bd95c-1,agbc,area_ha,ha,51.967552,QC-MAIN-084bd95c,GRP-1402249f,https://zenodo.org/records/15777016
carbon_stock-084bd95c-2,agbc,mean_act,tC/ha,10.0,QC-MAIN-084bd95c,GRP-1402249f,https://zenodo.org/records/15777016
carbon_stock-084bd95c-3,agbc,mean_prim,tC/ha,19.0,QC-MAIN-084bd95c,GRP-1402249f,https://zenodo.org/records/15777016
carbon_stock-084bd95c-4,bgbc,area_ha,ha,51.967552,QC-MAIN-084bd95c,GRP-1402249f,https://zenodo.org/records/15777016
carbon_stock-084bd95c-5,bgbc,mean_act,tC/ha,3.0,QC-MAIN-084bd95c,GRP-1402249f,https://zenodo.org/records/15777016
carbon_stock-084bd95c-6,bgbc,mean_prim,tC/ha,5.0,QC-MAIN-084bd95c,GRP-1402249f,https://zenodo.org/records/15777016
carbon_stock-084bd95c-7,soc,area_ha,ha,51.967552,QC-MAIN-084bd95c,GRP-1402249f,https://zenodo.org/records/15777016
carbon_stock-084bd95c-8,soc,mean_act,tC/ha,116.0,QC-MAIN-084bd95c,GRP-1402249f,https://zenodo.org/records/15777016
carbon_stock-084bd95c-9,soc,mean_prim,tC/ha,116.0,QC-MAIN-084bd95c,GRP-1402249f,https://zenodo.org/records/15777016
carbon_stock-089f3c60-1,agbc,area_ha,ha,51.868088,QC-MAIN-089f3c60,,https://zenodo.org/records/15777016
carbon_stock-089f3c60-2,agbc,mean_act,tC/ha,8.0,QC-MAIN-089f3c60,,https://zenodo.org/records/15777016
carbon_stock-089f3c60-3,agbc,mean_prim,tC/ha,18.0,QC-MAIN-089f3c60,,https://zenodo.org/records/15777016
carbon_stock-089f3c60-4,bgbc,area_ha,ha,51.868088,QC-MAIN-089f3c60,,https://zenodo.org/records/15777016
carbon_stock-089f3c60-5,bgbc,mean_act,tC/ha,3.0,QC-MAIN-089f3c60,,https://zenodo.org/records/15777016
carbon_stock-089f3c60-6,bgbc,mean_prim,tC/ha,5.0,QC-MAIN-089f3c60,,https://zenodo.org/records/15777016
carbon_stock-089f3c60-7,soc,area_ha,ha,51.868088,QC-MAIN-089f3c60,,https://zenodo.org/records/15777016
carbon_stock-089f3c60-8,soc,mean_act,tC/ha,117.0,QC-MAIN-089f3c60,,https://zenodo.org/records/15777016
carbon_stock-089f3c60-9,soc,mean_prim,tC/ha,117.0,QC-MAIN-089f3c60,,https://zenodo.org/records/15777016
carbon_stock-1186a6d0-1,agbc,area_ha,ha,57.048893,QC-MAIN-1186a6d0,,https://zenodo.org/records/15777016
carbon_stock-1186a6d0-2,agbc,mean_act,tC/ha,53.0,QC-MAIN-1186a6d0,,https://zenodo.org/records/15777016
carbon_stock-1186a6d0-3,agbc,mean_prim,tC/ha,58.0,QC-MAIN-1186a6d0,,https://zenodo.org/records/15777016
carbon_stock-1186a6d0-4,bgbc,area_ha,ha,57.048893,QC-MAIN-1186a6d0,,https://zenodo.org/records/15777016
carbon_stock-1186a6d0-5,bgbc,mean_act,tC/ha,17.0,QC-MAIN-1186a6d0,,https://zenodo.org/records/15777016
carbon_stock-1186a6d0-6,bgbc,mean_prim,tC/ha,17.0,QC-MAIN-1186a6d0,,https://zenodo.org/records/15777016
carbon_stock-1186a6d0-7,soc,area_ha,ha,57.048893,QC-MAIN-1186a6d0,,https://zenodo.org/records/15777016
carbon_stock-1186a6d0-8,soc,mean_act,tC/ha,78.0,QC-MAIN-1186a6d0,,https://zenodo.org/records/15777016
carbon_stock-1186a6d0-9,soc,mean_prim,tC/ha,82.0,QC-MAIN-1186a6d0,,https://zenodo.org/records/15777016
carbon_stock-11c40b1f-1,agbc,area_ha,ha,59.596214,QC-MAIN-11c40b1f,GRP-25483238,https://zenodo.org/records/15777016
carbon_stock-11c40b1f-2,agbc,mean_act,tC/ha,5.0,QC-MAIN-11c40b1f,GRP-25483238,https://zenodo.org/records/15777016
carbon_stock-11c40b1f-3,agbc,mean_prim,tC/ha,52.0,QC-MAIN-11c40b1f,GRP-25483238,https://zenodo.org/records/15777016
carbon_stock-11c40b1f-4,bgbc,area_ha,ha,59.596214,QC-MAIN-11c40b1f,GRP-25483238,https://zenodo.org/records/15777016
carbon_stock-11c40b1f-5,bgbc,mean_act,tC/ha,2.0,QC-MAIN-11c40b1f,GRP-25483238,https://zenodo.org/records/15777016
carbon_stock-11c40b1f-6,bgbc,mean_prim,tC/ha,14.0,QC-MAIN-11c40b1f,GRP-25483238,https://zenodo.org/records/15777016
carbon_stock-11c40b1f-7,soc,area_ha,ha,59.596214,QC-MAIN-11c40b1f,GRP-25483238,https://zenodo.org/records/15777016
carbon_stock-11c40b1f-8,soc,mean_act,tC/ha,94.0,QC-MAIN-11c40b1f,GRP-25483238,https://zenodo.org/records/15777016
carbon_stock-11c40b1f-9,soc,mean_prim,tC/ha,94.0,QC-MAIN-11c40b1f,GRP-25483238,https://zenodo.org/records/15777016
carbon_stock-1d2f31f9-1,agbc,area_ha,ha,53.982113,QC-MAIN-1d2f31f9,,https://zenodo.org/records/15777016
carbon_stock-1d2f31f9-2,agbc,mean_act,tC/ha,38.0,QC-MAIN-1d2f31f9,,https://zenodo.org/records/15777016
carbon_stock-1d2f31f9-3,agbc,mean_prim,tC/ha,38.0,QC-MAIN-1d2f31f9,,https://zenodo.org/records/15777016
carbon_stock-1d2f31f9-4,bgbc,area_ha,ha,53.982113,QC-MAIN-1d2f31f9,,https://zenodo.org/records/15777016
carbon_stock-1d2f31f9-5,bgbc,mean_act,tC/ha,10.0,QC-MAIN-1d2f31f9,,https://zenodo.org/records/15777016
carbon_stock-1d2f31f9-6,bgbc,mean_prim,tC/ha,10.0,QC-MAIN-1d2f31f9,,https://zenodo.org/records/15777016
carbon_stock-1d2f31f9-7,soc,area_ha,ha,53.982113,QC-MAIN-1d2f31f9,,https://zenodo.org/records/15777016
carbon_stock-1d2f31f9-8,soc,mean_act,tC/ha,104.0,QC-MAIN-1d2f31f9,,https://zenodo.org/records/15777016
carbon_stock-1d2f31f9-9,soc,mean_prim,tC/ha,104.0,QC-MAIN-1d2f31f9,,https://zenodo.org/records/15777016
carbon_stock-1eee4ace-1,agbc,area_ha,ha,59.82058,QC-MAIN-1eee4ace,GRP-7a9ba115,https://zenodo.org/records/15777016
carbon_stock-1eee4ace-2,agbc,mean_act,tC/ha,20.0,QC-MAIN-1eee4ace,GRP-7a9ba115,https://zenodo.org/records/15777016
carbon_stock-1eee4ace-3,agbc,mean_prim,tC/ha,49.0,QC-MAIN-1eee4ace,GRP-7a9ba115,https://zenodo.org/records/15777016
carbon_stock-1eee4ace-4,bgbc,area_ha,ha,59.82058,QC-MAIN-1eee4ace,GRP-7a9ba115,https://zenodo.org/records/15777016
carbon_stock-1eee4ace-5,bgbc,mean_act,tC/ha,5.0,QC-MAIN-1eee4ace,GRP-7a9ba115,https://zenodo.org/records/15777016
carbon_stock-1eee4ace-6,bgbc,mean_prim,tC/ha,13.0,QC-MAIN-1eee4ace,GRP-7a9ba115,https://zenodo.org/records/15777016
carbon_stock-1eee4ace-7,soc,area_ha,ha,59.82058,QC-MAIN-1eee4ace,GRP-7a9ba115,https://zenodo.org/records/15777016
carbon_stock-1eee4ace-8,soc,mean_act,tC/ha,93.0,QC-MAIN-1eee4ace,GRP-7a9ba115,https://zenodo.org/records/15777016
carbon_stock-1eee4ace-9,soc,mean_prim,tC/ha,93.0,QC-MAIN-1eee4ace,GRP-7a9ba115,https://zenodo.org/records/15777016
carbon_stock-22426144-1,agbc,area_ha,ha,60.15118,QC-MAIN-22426144,,https://zenodo.org/records/15777016
carbon_stock-22426144-2,agbc,mean_act,tC/ha,22.0,QC-MAIN-22426144,,https://zenodo.org/records/15777016
carbon_stock-22426144-3,agbc,mean_prim,tC/ha,50.0,QC-MAIN-22426144,,https://zenodo.org/records/15777016
carbon_stock-22426144-4,bgbc,area_ha,ha,60.15118,QC-MAIN-22426144,,https://zenodo.org/records/15777016
carbon_stock-22426144-5,bgbc,mean_act,tC/ha,6.0,QC-MAIN-22426144,,https://zenodo.org/records/15777016
carbon_stock-22426144-6,bgbc,mean_prim,tC/ha,13.0,QC-MAIN-22426144,,https://zenodo.org/records/15777016
carbon_stock-22426144-7,soc,area_ha,ha,60.15118,QC-MAIN-22426144,,https://zenodo.org/records/15777016
carbon_stock-22426144-8,soc,mean_act,tC/ha,94.0,QC-MAIN-22426144,,https://zenodo.org/records/15777016
carbon_stock-22426144-9,soc,mean_prim,tC/ha,94.0,QC-MAIN-22426144,,https://zenodo.org/records/15777016
carbon_stock-237d67c1-1,agbc,area_ha,ha,52.14632,QC-MAIN-237d67c1,,https://zenodo.org/records/15777016
carbon_stock-237d67c1-2,agbc,mean_act,tC/ha,12.0,QC-MAIN-237d67c1,,https://zenodo.org/records/15777016
carbon_stock-237d67c1-3,agbc,mean_prim,tC/ha,17.0,QC-MAIN-237d67c1,,https://zenodo.org/records/15777016
carbon_stock-237d67c1-4,bgbc,area_ha,ha,52.14632,QC-MAIN-237d67c1,,https://zenodo.org/records/15777016
carbon_stock-237d67c1-5,bgbc,mean_act,tC/ha,4.0,QC-MAIN-237d67c1,,https://zenodo.org/records/15777016
carbon_stock-237d67c1-6,bgbc,mean_prim,tC/ha,5.0,QC-MAIN-237d67c1,,https://zenodo.org/records/15777016
carbon_stock-237d67c1-7,soc,area_ha,ha,52.14632,QC-MAIN-237d67c1,,https://zenodo.org/records/15777016
carbon_stock-237d67c1-8,soc,mean_act,tC/ha,78.0,QC-MAIN-237d67c1,,https://zenodo.org/records/15777016
carbon_stock-237d67c1-9,soc,mean_prim,tC/ha,90.0,QC-MAIN-237d67c1,,https://zenodo.org/records/15777016
carbon_stock-2587e541-1,agbc,area_ha,ha,47.583603,QC-MAIN-2587e541,,https://zenodo.org/records/15777016
carbon_stock-2587e541-2,agbc,mean_act,tC/ha,,QC-MAIN-2587e541,,https://zenodo.org/records/15777016
carbon_stock-2587e541-3,agbc,mean_prim,tC/ha,,QC-MAIN-2587e541,,https://zenodo.org/records/15777016
carbon_stock-2587e541-4,bgbc,area_ha,ha,47.583603,QC-MAIN-2587e541,,https://zenodo.org/records/15777016
carbon_stock-2587e541-5,bgbc,mean_act,tC/ha,,QC-MAIN-2587e541,,https://zenodo.org/records/15777016
carbon_stock-2587e541-6,bgbc,mean_prim,tC/ha,,QC-MAIN-2587e541,,https://zenodo.org/records/15777016
carbon_stock-2587e541-7,soc,area_ha,ha,47.583603,QC-MAIN-2587e541,,https://zenodo.org/records/15777016
carbon_stock-2587e541-8,soc,mean_act,tC/ha,,QC-MAIN-2587e541,,https://zenodo.org/records/15777016
carbon_stock-2587e541-9,soc,mean_prim,tC/ha,,QC-MAIN-2587e541,,https://zenodo.org/records/15777016
carbon_stock-288718a6-1,agbc,area_ha,ha,55.806458,QC-MAIN-288718a6,,https://zenodo.org/records/15777016
carbon_stock-288718a6-2,agbc,mean_act,tC/ha,63.0,QC-MAIN-288718a6,,https://zenodo.org/records/15777016
carbon_stock-288718a6-3,agbc,mean_prim,tC/ha,63.0,QC-MAIN-288718a6,,https://zenodo.org/records/15777016
carbon_stock-288718a6-4,bgbc,area_ha,ha,55.806458,QC-MAIN-288718a6,,https://zenodo.org/records/15777016
carbon_stock-288718a6-5,bgbc,mean_act,tC/ha,17.0,QC-MAIN-288718a6,,https://zenodo.org/records/15777016
carbon_stock-288718a6-6,bgbc,mean_prim,tC/ha,17.0,QC-MAIN-288718a6,,https://zenodo.org/records/15777016
carbon_stock-288718a6-7,soc,area_ha,ha,55.806458,QC-MAIN-288718a6,,https://zenodo.org/records/15777016
carbon_stock-288718a6-8,soc,mean_act,tC/ha,82.0,QC-MAIN-288718a6,,https://zenodo.org/records/15777016
carbon_stock-288718a6-9,soc,mean_prim,tC/ha,84.0,QC-MAIN-288718a6,,https://zenodo.org/records/15777016
carbon_stock-2cf66e65-1,agbc,area_ha,ha,59.289818,QC-MAIN-2cf66e65,,https://zenodo.org/records/15777016
carbon_stock-2cf66e65-2,agbc,mean_act,tC/ha,10.0,QC-MAIN-2cf66e65,,https://zenodo.org/records/15777016
carbon_stock-2cf66e65-3,agbc,mean_prim,tC/ha,43.0,QC-MAIN-2cf66e65,,https://zenodo.org/records/15777016
carbon_stock-2cf66e65-4,bgbc,area_ha,ha,59.289818,QC-MAIN-2cf66e65,,https://zenodo.org/records/15777016
carbon_stock-2cf66e65-5,bgbc,mean_act,tC/ha,3.0,QC-MAIN-2cf66e65,,https://zenodo.org/records/15777016
carbon_stock-2cf66e65-6,bgbc,mean_prim,tC/ha,12.0,QC-MAIN-2cf66e65,,https://zenodo.org/records/15777016
carbon_stock-2cf66e65-7,soc,area_ha,ha,59.289818,QC-MAIN-2cf66e65,,https://zenodo.org/records/15777016
carbon_stock-2cf66e65-8,soc,mean_act,tC/ha,79.0,QC-MAIN-2cf66e65,,https://zenodo.org/records/15777016
carbon_stock-2cf66e65-9,soc,mean_prim,tC/ha,89.0,QC-MAIN-2cf66e65,,https://zenodo.org/records/15777016
carbon_stock-3032c251-1,agbc,area_ha,ha,51.897938,QC-MAIN-3032c251,,https://zenodo.org/records/15777016
carbon_stock-3032c251-2,agbc,mean_act,tC/ha,10.0,QC-MAIN-3032c251,,https://zenodo.org/records/15777016
carbon_stock-3032c251-3,agbc,mean_prim,tC/ha,11.0,QC-MAIN-3032c251,,https://zenodo.org/records/15777016
carbon_stock-3032c251-4,bgbc,area_ha,ha,51.897938,QC-MAIN-3032c251,,https://zenodo.org/records/15777016
carbon_stock-3032c251-5,bgbc,mean_act,tC/ha,3.0,QC-MAIN-3032c251,,https://zenodo.org/records/15777016
carbon_stock-3032c251-6,bgbc,mean_prim,tC/ha,3.0,QC-MAIN-3032c251,,https://zenodo.org/records/15777016
carbon_stock-3032c251-7,soc,area_ha,ha,51.897938,QC-MAIN-3032c251,,https://zenodo.org/records/15777016
carbon_stock-3032c251-8,soc,mean_act,tC/ha,91.0,QC-MAIN-3032c251,,https://zenodo.org/records/15777016
carbon_stock-3032c251-9,soc,mean_prim,tC/ha,91.0,QC-MAIN-3032c251,,https://zenodo.org/records/15777016
carbon_stock-30c1828c-1,agbc,area_ha,ha,57.170124,QC-MAIN-30c1828c,GRP-b48ec279,https://zenodo.org/records/15777016
carbon_stock-30c1828c-2,agbc,mean_act,tC/ha,3.0,QC-MAIN-30c1828c,GRP-b48ec279,https://zenodo.org/records/15777016
carbon_stock-30c1828c-3,agbc,mean_prim,tC/ha,53.0,QC-MAIN-30c1828c,GRP-b48ec279,https://zenodo.org/records/15777016
carbon_stock-30c1828c-4,bgbc,area_ha,ha,57.170124,QC-MAIN-30c1828c,GRP-b48ec279,https://zenodo.org/records/15777016
carbon_stock-30c1828c-5,bgbc,mean_act,tC/ha,2.0,QC-MAIN-30c1828c,GRP-b48ec279,https://zenodo.org/records/15777016
carbon_stock-30c1828c-6,bgbc,mean_prim,tC/ha,14.0,QC-MAIN-30c1828c,GRP-b48ec279,https://zenodo.org/records/15777016
carbon_stock-30c1828c-7,soc,area_ha,ha,57.170124,QC-MAIN-30c1828c,GRP-b48ec279,https://zenodo.org/records/15777016
carbon_stock-30c1828c-8,soc,mean_act,tC/ha,87.0,QC-MAIN-30c1828c,GRP-b48ec279,https://zenodo.org/records/15777016
carbon_stock-30c1828c-9,soc,mean_prim,tC/ha,87.0,QC-MAIN-30c1828c,GRP-b48ec279,https://zenodo.org/records/15777016
carbon_stock-3330383b-1,agbc,area_ha,ha,46.83255,QC-MAIN-3330383b,,https://zenodo.org/records/15777016
carbon_stock-3330383b-2,agbc,mean_act,tC/ha,25.0,QC-MAIN-3330383b,,https://zenodo.org/records/15777016
carbon_stock-3330383b-3,agbc,mean_prim,tC/ha,25.0,QC-MAIN-3330383b,,https://zenodo.org/records/15777016
carbon_stock-3330383b-4,bgbc,area_ha,ha,46.83255,QC-MAIN-3330383b,,https://zenodo.org/records/15777016
carbon_stock-3330383b-5,bgbc,mean_act,tC/ha,7.0,QC-MAIN-3330383b,,https://zenodo.org/records/15777016
carbon_stock-3330383b-6,bgbc,mean_prim,tC/ha,7.0,QC-MAIN-3330383b,,https://zenodo.org/records/15777016
carbon_stock-3330383b-7,soc,area_ha,ha,46.83255,QC-MAIN-3330383b,,https://zenodo.org/records/15777016
carbon_stock-3330383b-8,soc,mean_act,tC/ha,102.0,QC-MAIN-3330383b,,https://zenodo.org/records/15777016
carbon_stock-3330383b-9,soc,mean_prim,tC/ha,102.0,QC-MAIN-3330383b,,https://zenodo.org/records/15777016
carbon_stock-33c09b8b-1,agbc,area_ha,ha,52.443466,QC-MAIN-33c09b8b,GRP-1402249f,https://zenodo.org/records/15777016
carbon_stock-33c09b8b-2,agbc,mean_act,tC/ha,10.0,QC-MAIN-33c09b8b,GRP-1402249f,https://zenodo.org/records/15777016
carbon_stock-33c09b8b-3,agbc,mean_prim,tC/ha,19.0,QC-MAIN-33c09b8b,GRP-1402249f,https://zenodo.org/records/15777016
carbon_stock-33c09b8b-4,bgbc,area_ha,ha,52.443466,QC-MAIN-33c09b8b,GRP-1402249f,https://zenodo.org/records/15777016
carbon_stock-33c09b8b-5,bgbc,mean_act,tC/ha,3.0,QC-MAIN-33c09b8b,GRP-1402249f,https://zenodo.org/records/15777016
carbon_stock-33c09b8b-6,bgbc,mean_prim,tC/ha,5.0,QC-MAIN-33c09b8b,GRP-1402249f,https://zenodo.org/records/15777016
carbon_stock-33c09b8b-7,soc,area_ha,ha,52.443466,QC-MAIN-33c09b8b,GRP-1402249f,https://zenodo.org/records/15777016
carbon_stock-33c09b8b-8,soc,mean_act,tC/ha,90.0,QC-MAIN-33c09b8b,GRP-1402249f,https://zenodo.org/records/15777016
carbon_stock-33c09b8b-9,soc,mean_prim,tC/ha,90.0,QC-MAIN-33c09b8b,GRP-1402249f,https://zenodo.org/records/15777016
carbon_stock-3aa117d8-1,agbc,area_ha,ha,56.79645,QC-MAIN-3aa117d8,GRP-677b5973,https://zenodo.org/records/15777016
carbon_stock-3aa117d8-2,agbc,mean_act,tC/ha,15.0,QC-MAIN-3aa117d8,GRP-677b5973,https://zenodo.org/records/15777016
carbon_stock-3aa117d8-3,agbc,mean_prim,tC/ha,43.0,QC-MAIN-3aa117d8,GRP-677b5973,https://zenodo.org/records/15777016
carbon_stock-3aa117d8-4,bgbc,area_ha,ha,56.79645,QC-MAIN-3aa117d8,GRP-677b5973,https://zenodo.org/records/15777016
carbon_stock-3aa117d8-5,bgbc,mean_act,tC/ha,4.0,QC-MAIN-3aa117d8,GRP-677b5973,https://zenodo.org/records/15777016
carbon_stock-3aa117d8-6,bgbc,mean_prim,tC/ha,11.0,QC-MAIN-3aa117d8,GRP-677b5973,https://zenodo.org/records/15777016
carbon_stock-3aa117d8-7,soc,area_ha,ha,56.79645,QC-MAIN-3aa117d8,GRP-677b5973,https://zenodo.org/records/15777016
carbon_stock-3aa117d8-8,soc,mean_act,tC/ha,86.0,QC-MAIN-3aa117d8,GRP-677b5973,https://zenodo.org/records/15777016
carbon_stock-3aa117d8-9,soc,mean_prim,tC/ha,87.0,QC-MAIN-3aa117d8,GRP-677b5973,https://zenodo.org/records/15777016
carbon_stock-3e146840-1,agbc,area_ha,ha,59.596214,QC-MAIN-3e146840,GRP-25483238,https://zenodo.org/records/15777016
carbon_stock-3e146840-2,agbc,mean_act,tC/ha,5.0,QC-MAIN-3e146840,GRP-25483238,https://zenodo.org/records/15777016
carbon_stock-3e146840-3,agbc,mean_prim,tC/ha,52.0,QC-MAIN-3e146840,GRP-25483238,https://zenodo.org/records/15777016
carbon_stock-3e146840-4,bgbc,area_ha,ha,59.596214,QC-MAIN-3e146840,GRP-25483238,https://zenodo.org/records/15777016
carbon_stock-3e146840-5,bgbc,mean_act,tC/ha,2.0,QC-MAIN-3e146840,GRP-25483238,https://zenodo.org/records/15777016
carbon_stock-3e146840-6,bgbc,mean_prim,tC/ha,14.0,QC-MAIN-3e146840,GRP-25483238,https://zenodo.org/records/15777016
carbon_stock-3e146840-7,soc,area_ha,ha,59.596214,QC-MAIN-3e146840,GRP-25483238,https://zenodo.org/records/15777016
carbon_stock-3e146840-8,soc,mean_act,tC/ha,94.0,QC-MAIN-3e146840,GRP-25483238,https://zenodo.org/records/15777016
carbon_stock-3e146840-9,soc,mean_prim,tC/ha,94.0,QC-MAIN-3e146840,GRP-25483238,https://zenodo.org/records/15777016
carbon_stock-529c96b4-1,agbc,area_ha,ha,60.04415,QC-MAIN-529c96b4,GRP-b48ec279,https://zenodo.org/records/15777016
carbon_stock-529c96b4-2,agbc,mean_act,tC/ha,3.0,QC-MAIN-529c96b4,GRP-b48ec279,https://zenodo.org/records/15777016
carbon_stock-529c96b4-3,agbc,mean_prim,tC/ha,49.0,QC-MAIN-529c96b4,GRP-b48ec279,https://zenodo.org/records/15777016
carbon_stock-529c96b4-4,bgbc,area_ha,ha,60.04415,QC-MAIN-529c96b4,GRP-b48ec279,https://zenodo.org/records/15777016
carbon_stock-529c96b4-5,bgbc,mean_act,tC/ha,1.0,QC-MAIN-529c96b4,GRP-b48ec279,https://zenodo.org/records/15777016
carbon_stock-529c96b4-6,bgbc,mean_prim,tC/ha,13.0,QC-MAIN-529c96b4,GRP-b48ec279,https://zenodo.org/records/15777016
carbon_stock-529c96b4-7,soc,area_ha,ha,60.04415,QC-MAIN-529c96b4,GRP-b48ec279,https://zenodo.org/records/15777016
carbon_stock-529c96b4-8,soc,mean_act,tC/ha,99.0,QC-MAIN-529c96b4,GRP-b48ec279,https://zenodo.org/records/15777016
carbon_stock-529c96b4-9,soc,mean_prim,tC/ha,99.0,QC-MAIN-529c96b4,GRP-b48ec279,https://zenodo.org/records/15777016
carbon_stock-52c01ae4-1,agbc,area_ha,ha,56.04336,QC-MAIN-52c01ae4,,https://zenodo.org/records/15777016
carbon_stock-52c01ae4-2,agbc,mean_act,tC/ha,12.0,QC-MAIN-52c01ae4,,https://zenodo.org/records/15777016
carbon_stock-52c01ae4-3,agbc,mean_prim,tC/ha,50.0,QC-MAIN-52c01ae4,,https://zenodo.org/records/15777016
carbon_stock-52c01ae4-4,bgbc,area_ha,ha,56.04336,QC-MAIN-52c01ae4,,https://zenodo.org/records/15777016
carbon_stock-52c01ae4-5,bgbc,mean_act,tC/ha,3.0,QC-MAIN-52c01ae4,,https://zenodo.org/records/15777016
carbon_stock-52c01ae4-6,bgbc,mean_prim,tC/ha,13.0,QC-MAIN-52c01ae4,,https://zenodo.org/records/15777016
carbon_stock-52c01ae4-7,soc,area_ha,ha,56.04336,QC-MAIN-52c01ae4,,https://zenodo.org/records/15777016
carbon_stock-52c01ae4-8,soc,mean_act,tC/ha,85.0,QC-MAIN-52c01ae4,,https://zenodo.org/records/15777016
carbon_stock-52c01ae4-9,soc,mean_prim,tC/ha,86.0,QC-MAIN-52c01ae4,,https://zenodo.org/records/15777016
carbon_stock-5398dfac-1,agbc,area_ha,ha,56.99287,QC-MAIN-5398dfac,,https://zenodo.org/records/15777016
carbon_stock-5398dfac-2,agbc,mean_act,tC/ha,27.0,QC-MAIN-5398dfac,,https://zenodo.org/records/15777016
carbon_stock-5398dfac-3,agbc,mean_prim,tC/ha,47.0,QC-MAIN-5398dfac,,https://zenodo.org/records/15777016
carbon_stock-5398dfac-4,bgbc,area_ha,ha,56.99287,QC-MAIN-5398dfac,,https://zenodo.org/records/15777016
carbon_stock-5398dfac-5,bgbc,mean_act,tC/ha,7.0,QC-MAIN-5398dfac,,https://zenodo.org/records/15777016
carbon_stock-5398dfac-6,bgbc,mean_prim,tC/ha,13.0,QC-MAIN-5398dfac,,https://zenodo.org/records/15777016
carbon_stock-5398dfac-7,soc,area_ha,ha,56.99287,QC-MAIN-5398dfac,,https://zenodo.org/records/15777016
carbon_stock-5398dfac-8,soc,mean_act,tC/ha,85.0,QC-MAIN-5398dfac,,https://zenodo.org/records/15777016
carbon_stock-5398dfac-9,soc,mean_prim,tC/ha,90.0,QC-MAIN-5398dfac,,https://zenodo.org/records/15777016
carbon_stock-5801b453-1,agbc,area_ha,ha,56.87134,QC-MAIN-5801b453,,https://zenodo.org/records/15777016
carbon_stock-5801b453-2,agbc,mean_act,tC/ha,18.0,QC-MAIN-5801b453,,https://zenodo.org/records/15777016
carbon_stock-5801b453-3,agbc,mean_prim,tC/ha,41.0,QC-MAIN-5801b453,,https://zenodo.org/records/15777016
carbon_stock-5801b453-4,bgbc,area_ha,ha,56.87134,QC-MAIN-5801b453,,https://zenodo.org/records/15777016
carbon_stock-5801b453-5,bgbc,mean_act,tC/ha,4.0,QC-MAIN-5801b453,,https://zenodo.org/records/15777016
carbon_stock-5801b453-6,bgbc,mean_prim,tC/ha,11.0,QC-MAIN-5801b453,,https://zenodo.org/records/15777016
carbon_stock-5801b453-7,soc,area_ha,ha,56.87134,QC-MAIN-5801b453,,https://zenodo.org/records/15777016
carbon_stock-5801b453-8,soc,mean_act,tC/ha,89.0,QC-MAIN-5801b453,,https://zenodo.org/records/15777016
carbon_stock-5801b453-9,soc,mean_prim,tC/ha,95.0,QC-MAIN-5801b453,,https://zenodo.org/records/15777016
carbon_stock-586679b9-1,agbc,area_ha,ha,48.813446,QC-MAIN-586679b9,,https://zenodo.org/records/15777016
carbon_stock-586679b9-2,agbc,mean_act,tC/ha,,QC-MAIN-586679b9,,https://zenodo.org/records/15777016
carbon_stock-586679b9-3,agbc,mean_prim,tC/ha,,QC-MAIN-586679b9,,https://zenodo.org/records/15777016
carbon_stock-586679b9-4,bgbc,area_ha,ha,48.813446,QC-MAIN-586679b9,,https://zenodo.org/records/15777016
carbon_stock-586679b9-5,bgbc,mean_act,tC/ha,,QC-MAIN-586679b9,,https://zenodo.org/records/15777016
carbon_stock-586679b9-6,bgbc,mean_prim,tC/ha,,QC-MAIN-586679b9,,https://zenodo.org/records/15777016
carbon_stock-586679b9-7,soc,area_ha,ha,48.813446,QC-MAIN-586679b9,,https://zenodo.org/records/15777016
carbon_stock-586679b9-8,soc,mean_act,tC/ha,,QC-MAIN-586679b9,,https://zenodo.org/records/15777016
carbon_stock-586679b9-9,soc,mean_prim,tC/ha,,QC-MAIN-586679b9,,https://zenodo.org/records/15777016
carbon_stock-5ce331b8-1,agbc,area_ha,ha,41.07464,QC-MAIN-5ce331b8,,https://zenodo.org/records/15777016
carbon_stock-5ce331b8-2,agbc,mean_act,tC/ha,0.0,QC-MAIN-5ce331b8,,https://zenodo.org/records/15777016
carbon_stock-5ce331b8-3,agbc,mean_prim,tC/ha,0.0,QC-MAIN-5ce331b8,,https://zenodo.org/records/15777016
carbon_stock-5ce331b8-4,bgbc,area_ha,ha,41.07464,QC-MAIN-5ce331b8,,https://zenodo.org/records/15777016
carbon_stock-5ce331b8-5,bgbc,mean_act,tC/ha,0.0,QC-MAIN-5ce331b8,,https://zenodo.org/records/15777016
carbon_stock-5ce331b8-6,bgbc,mean_prim,tC/ha,0.0,QC-MAIN-5ce331b8,,https://zenodo.org/records/15777016
carbon_stock-5ce331b8-7,soc,area_ha,ha,41.07464,QC-MAIN-5ce331b8,,https://zenodo.org/records/15777016
carbon_stock-5ce331b8-8,soc,mean_act,tC/ha,56.0,QC-MAIN-5ce331b8,,https://zenodo.org/records/15777016
carbon_stock-5ce331b8-9,soc,mean_prim,tC/ha,61.0,QC-MAIN-5ce331b8,,https://zenodo.org/records/15777016
carbon_stock-615ebdb4-1,agbc,area_ha,ha,53.875217,QC-MAIN-615ebdb4,,https://zenodo.org/records/15777016
carbon_stock-615ebdb4-2,agbc,mean_act,tC/ha,16.0,QC-MAIN-615ebdb4,,https://zenodo.org/records/15777016
carbon_stock-615ebdb4-3,agbc,mean_prim,tC/ha,27.0,QC-MAIN-615ebdb4,,https://zenodo.org/records/15777016
carbon_stock-615ebdb4-4,bgbc,area_ha,ha,53.875217,QC-MAIN-615ebdb4,,https://zenodo.org/records/15777016
carbon_stock-615ebdb4-5,bgbc,mean_act,tC/ha,4.0,QC-MAIN-615ebdb4,,https://zenodo.org/records/15777016
carbon_stock-615ebdb4-6,bgbc,mean_prim,tC/ha,7.0,QC-MAIN-615ebdb4,,https://zenodo.org/records/15777016
carbon_stock-615ebdb4-7,soc,area_ha,ha,53.875217,QC-MAIN-615ebdb4,,https://zenodo.org/records/15777016
carbon_stock-615ebdb4-8,soc,mean_act,tC/ha,86.0,QC-MAIN-615ebdb4,,https://zenodo.org/records/15777016
carbon_stock-615ebdb4-9,soc,mean_prim,tC/ha,89.0,QC-MAIN-615ebdb4,,https://zenodo.org/records/15777016
carbon_stock-64595b02-1,agbc,area_ha,ha,57.011547,QC-MAIN-64595b02,,https://zenodo.org/records/15777016
carbon_stock-64595b02-2,agbc,mean_act,tC/ha,40.0,QC-MAIN-64595b02,,https://zenodo.org/records/15777016
carbon_stock-64595b02-3,agbc,mean_prim,tC/ha,54.0,QC-MAIN-64595b02,,https://zenodo.org/records/15777016
carbon_stock-64595b02-4,bgbc,area_ha,ha,57.011547,QC-MAIN-64595b02,,https://zenodo.org/records/15777016
carbon_stock-64595b02-5,bgbc,mean_act,tC/ha,15.0,QC-MAIN-64595b02,,https://zenodo.org/records/15777016
carbon_stock-64595b02-6,bgbc,mean_prim,tC/ha,15.0,QC-MAIN-64595b02,,https://zenodo.org/records/15777016
carbon_stock-64595b02-7,soc,area_ha,ha,57.011547,QC-MAIN-64595b02,,https://zenodo.org/records/15777016
carbon_stock-64595b02-8,soc,mean_act,tC/ha,80.0,QC-MAIN-64595b02,,https://zenodo.org/records/15777016
carbon_stock-64595b02-9,soc,mean_prim,tC/ha,87.0,QC-MAIN-64595b02,,https://zenodo.org/records/15777016
carbon_stock-649d2873-1,agbc,area_ha,ha,56.861984,QC-MAIN-649d2873,,https://zenodo.org/records/15777016
carbon_stock-649d2873-2,agbc,mean_act,tC/ha,19.0,QC-MAIN-649d2873,,https://zenodo.org/records/15777016
carbon_stock-649d2873-3,agbc,mean_prim,tC/ha,47.0,QC-MAIN-649d2873,,https://zenodo.org/records/15777016
carbon_stock-649d2873-4,bgbc,area_ha,ha,56.861984,QC-MAIN-649d2873,,https://zenodo.org/records/15777016
carbon_stock-649d2873-5,bgbc,mean_act,tC/ha,5.0,QC-MAIN-649d2873,,https://zenodo.org/records/15777016
carbon_stock-649d2873-6,bgbc,mean_prim,tC/ha,13.0,QC-MAIN-649d2873,,https://zenodo.org/records/15777016
carbon_stock-649d2873-7,soc,area_ha,ha,56.861984,QC-MAIN-649d2873,,https://zenodo.org/records/15777016
carbon_stock-649d2873-8,soc,mean_act,tC/ha,85.0,QC-MAIN-649d2873,,https://zenodo.org/records/15777016
carbon_stock-649d2873-9,soc,mean_prim,tC/ha,87.0,QC-MAIN-649d2873,,https://zenodo.org/records/15777016
carbon_stock-69bb36c1-1,agbc,area_ha,ha,55.45449,QC-MAIN-69bb36c1,,https://zenodo.org/records/15777016
carbon_stock-69bb36c1-2,agbc,mean_act,tC/ha,28.0,QC-MAIN-69bb36c1,,https://zenodo.org/records/15777016
carbon_stock-69bb36c1-3,agbc,mean_prim,tC/ha,36.0,QC-MAIN-69bb36c1,,https://zenodo.org/records/15777016
carbon_stock-69bb36c1-4,bgbc,area_ha,ha,55.45449,QC-MAIN-69bb36c1,,https://zenodo.org/records/15777016
carbon_stock-69bb36c1-5,bgbc,mean_act,tC/ha,6.0,QC-MAIN-69bb36c1,,https://zenodo.org/records/15777016
carbon_stock-69bb36c1-6,bgbc,mean_prim,tC/ha,9.0,QC-MAIN-69bb36c1,,https://zenodo.org/records/15777016
carbon_stock-69bb36c1-7,soc,area_ha,ha,55.45449,QC-MAIN-69bb36c1,,https://zenodo.org/records/15777016
carbon_stock-69bb36c1-8,soc,mean_act,tC/ha,83.0,QC-MAIN-69bb36c1,,https://zenodo.org/records/15777016
carbon_stock-69bb36c1-9,soc,mean_prim,tC/ha,92.0,QC-MAIN-69bb36c1,,https://zenodo.org/records/15777016
carbon_stock-6a26086e-1,agbc,area_ha,ha,59.596214,QC-MAIN-6a26086e,,https://zenodo.org/records/15777016
carbon_stock-6a26086e-2,agbc,mean_act,tC/ha,,QC-MAIN-6a26086e,,https://zenodo.org/records/15777016
carbon_stock-6a26086e-3,agbc,mean_prim,tC/ha,,QC-MAIN-6a26086e,,https://zenodo.org/records/15777016
carbon_stock-6a26086e-4,bgbc,area_ha,ha,59.596214,QC-MAIN-6a26086e,,https://zenodo.org/records/15777016
carbon_stock-6a26086e-5,bgbc,mean_act,tC/ha,,QC-MAIN-6a26086e,,https://zenodo.org/records/15777016
carbon_stock-6a26086e-6,bgbc,mean_prim,tC/ha,,QC-MAIN-6a26086e,,https://zenodo.org/records/15777016
carbon_stock-6a26086e-7,soc,area_ha,ha,59.596214,QC-MAIN-6a26086e,,https://zenodo.org/records/15777016
carbon_stock-6a26086e-8,soc,mean_act,tC/ha,,QC-MAIN-6a26086e,,https://zenodo.org/records/15777016
carbon_stock-6a26086e-9,soc,mean_prim,tC/ha,,QC-MAIN-6a26086e,,https://zenodo.org/records/15777016
carbon_stock-6dc537e6-1,agbc,area_ha,ha,52.037117,QC-MAIN-6dc537e6,,https://zenodo.org/records/15777016
carbon_stock-6dc537e6-2,agbc,mean_act,tC/ha,,QC-MAIN-6dc537e6,,https://zenodo.org/records/15777016
carbon_stock-6dc537e6-3,agbc,mean_prim,tC/ha,,QC-MAIN-6dc537e6,,https://zenodo.org/records/15777016
carbon_stock-6dc537e6-4,bgbc,area_ha,ha,52.037117,QC-MAIN-6dc537e6,,https://zenodo.org/records/15777016
carbon_stock-6dc537e6-5,bgbc,mean_act,tC/ha,,QC-MAIN-6dc537e6,,https://zenodo.org/records/15777016
carbon_stock-6dc537e6-6,bgbc,mean_prim,tC/ha,,QC-MAIN-6dc537e6,,https://zenodo.org/records/15777016
carbon_stock-6dc537e6-7,soc,area_ha,ha,52.037117,QC-MAIN-6dc537e6,,https://zenodo.org/records/15777016
carbon_stock-6dc537e6-8,soc,mean_act,tC/ha,,QC-MAIN-6dc537e6,,https://zenodo.org/records/15777016
carbon_stock-6dc537e6-9,soc,mean_prim,tC/ha,,QC-MAIN-6dc537e6,,https://zenodo.org/records/15777016
carbon_stock-715d4318-1,agbc,area_ha,ha,60.10661,QC-MAIN-715d4318,,https://zenodo.org/records/15777016
carbon_stock-715d4318-2,agbc,mean_act,tC/ha,4.0,QC-MAIN-715d4318,,https://zenodo.org/records/15777016
carbon_stock-715d4318-3,agbc,mean_prim,tC/ha,47.0,QC-MAIN-715d4318,,https://zenodo.org/records/15777016
carbon_stock-715d4318-4,bgbc,area_ha,ha,60.10661,QC-MAIN-715d4318,,https://zenodo.org/records/15777016
carbon_stock-715d4318-5,bgbc,mean_act,tC/ha,2.0,QC-MAIN-715d4318,,https://zenodo.org/records/15777016
carbon_stock-715d4318-6,bgbc,mean_prim,tC/ha,13.0,QC-MAIN-715d4318,,https://zenodo.org/records/15777016
carbon_stock-715d4318-7,soc,area_ha,ha,60.10661,QC-MAIN-715d4318,,https://zenodo.org/records/15777016
carbon_stock-715d4318-8,soc,mean_act,tC/ha,90.0,QC-MAIN-715d4318,,https://zenodo.org/records/15777016
carbon_stock-715d4318-9,soc,mean_prim,tC/ha,90.0,QC-MAIN-715d4318,,https://zenodo.org/records/15777016
carbon_stock-7b3b4c8b-1,agbc,area_ha,ha,59.596214,QC-MAIN-7b3b4c8b,GRP-25483238,https://zenodo.org/records/15777016
carbon_stock-7b3b4c8b-2,agbc,mean_act,tC/ha,5.0,QC-MAIN-7b3b4c8b,GRP-25483238,https://zenodo.org/records/15777016
carbon_stock-7b3b4c8b-3,agbc,mean_prim,tC/ha,52.0,QC-MAIN-7b3b4c8b,GRP-25483238,https://zenodo.org/records/15777016
carbon_stock-7b3b4c8b-4,bgbc,area_ha,ha,59.596214,QC-MAIN-7b3b4c8b,GRP-25483238,https://zenodo.org/records/15777016
carbon_stock-7b3b4c8b-5,bgbc,mean_act,tC/ha,2.0,QC-MAIN-7b3b4c8b,GRP-25483238,https://zenodo.org/records/15777016
carbon_stock-7b3b4c8b-6,bgbc,mean_prim,tC/ha,14.0,QC-MAIN-7b3b4c8b,GRP-25483238,https://zenodo.org/records/15777016
carbon_stock-7b3b4c8b-7,soc,area_ha,ha,59.596214,QC-MAIN-7b3b4c8b,GRP-25483238,https://zenodo.org/records/15777016
carbon_stock-7b3b4c8b-8,soc,mean_act,tC/ha,94.0,QC-MAIN-7b3b4c8b,GRP-25483238,https://zenodo.org/records/15777016
carbon_stock-7b3b4c8b-9,soc,mean_prim,tC/ha,94.0,QC-MAIN-7b3b4c8b,GRP-25483238,https://zenodo.org/records/15777016
carbon_stock-81a288d0-1,agbc,area_ha,ha,56.974186,QC-MAIN-81a288d0,,https://zenodo.org/records/15777016
carbon_stock-81a288d0-2,agbc,mean_act,tC/ha,13.0,QC-MAIN-81a288d0,,https://zenodo.org/records/15777016
carbon_stock-81a288d0-3,agbc,mean_prim,tC/ha,44.0,QC-MAIN-81a288d0,,https://zenodo.org/records/15777016
carbon_stock-81a288d0-4,bgbc,area_ha,ha,56.974186,QC-MAIN-81a288d0,,https://zenodo.org/records/15777016
carbon_stock-81a288d0-5,bgbc,mean_act,tC/ha,4.0,QC-MAIN-81a288d0,,https://zenodo.org/records/15777016
carbon_stock-81a288d0-6,bgbc,mean_prim,tC/ha,12.0,QC-MAIN-81a288d0,,https://zenodo.org/records/15777016
carbon_stock-81a288d0-7,soc,area_ha,ha,56.974186,QC-MAIN-81a288d0,,https://zenodo.org/records/15777016
carbon_stock-81a288d0-8,soc,mean_act,tC/ha,85.0,QC-MAIN-81a288d0,,https://zenodo.org/records/15777016
carbon_stock-81a288d0-9,soc,mean_prim,tC/ha,93.0,QC-MAIN-81a288d0,,https://zenodo.org/records/15777016
carbon_stock-844dcc47-1,agbc,area_ha,ha,59.838493,QC-MAIN-844dcc47,GRP-7a9ba115,https://zenodo.org/records/15777016
carbon_stock-844dcc47-2,agbc,mean_act,tC/ha,15.0,QC-MAIN-844dcc47,GRP-7a9ba115,https://zenodo.org/records/15777016
carbon_stock-844dcc47-3,agbc,mean_prim,tC/ha,50.0,QC-MAIN-844dcc47,GRP-7a9ba115,https://zenodo.org/records/15777016
carbon_stock-844dcc47-4,bgbc,area_ha,ha,59.838493,QC-MAIN-844dcc47,GRP-7a9ba115,https://zenodo.org/records/15777016
carbon_stock-844dcc47-5,bgbc,mean_act,tC/ha,4.0,QC-MAIN-844dcc47,GRP-7a9ba115,https://zenodo.org/records/15777016
carbon_stock-844dcc47-6,bgbc,mean_prim,tC/ha,14.0,QC-MAIN-844dcc47,GRP-7a9ba115,https://zenodo.org/records/15777016
carbon_stock-844dcc47-7,soc,area_ha,ha,59.838493,QC-MAIN-844dcc47,GRP-7a9ba115,https://zenodo.org/records/15777016
carbon_stock-844dcc47-8,soc,mean_act,tC/ha,91.0,QC-MAIN-844dcc47,GRP-7a9ba115,https://zenodo.org/records/15777016
carbon_stock-844dcc47-9,soc,mean_prim,tC/ha,91.0,QC-MAIN-844dcc47,GRP-7a9ba115,https://zenodo.org/records/15777016
carbon_stock-860bbbfc-1,agbc,area_ha,ha,55.368633,QC-MAIN-860bbbfc,,https://zenodo.org/records/15777016
carbon_stock-860bbbfc-2,agbc,mean_act,tC/ha,33.0,QC-MAIN-860bbbfc,,https://zenodo.org/records/15777016
carbon_stock-860bbbfc-3,agbc,mean_prim,tC/ha,34.0,QC-MAIN-860bbbfc,,https://zenodo.org/records/15777016
carbon_stock-860bbbfc-4,bgbc,area_ha,ha,55.368633,QC-MAIN-860bbbfc,,https://zenodo.org/records/15777016
carbon_stock-860bbbfc-5,bgbc,mean_act,tC/ha,8.0,QC-MAIN-860bbbfc,,https://zenodo.org/records/15777016
carbon_stock-860bbbfc-6,bgbc,mean_prim,tC/ha,9.0,QC-MAIN-860bbbfc,,https://zenodo.org/records/15777016
carbon_stock-860bbbfc-7,soc,area_ha,ha,55.368633,QC-MAIN-860bbbfc,,https://zenodo.org/records/15777016
carbon_stock-860bbbfc-8,soc,mean_act,tC/ha,79.0,QC-MAIN-860bbbfc,,https://zenodo.org/records/15777016
carbon_stock-860bbbfc-9,soc,mean_prim,tC/ha,84.0,QC-MAIN-860bbbfc,,https://zenodo.org/records/15777016
carbon_stock-8c7063b2-1,agbc,area_ha,ha,52.591663,QC-MAIN-8c7063b2,,https://zenodo.org/records/15777016
carbon_stock-8c7063b2-2,agbc,mean_act,tC/ha,6.0,QC-MAIN-8c7063b2,,https://zenodo.org/records/15777016
carbon_stock-8c7063b2-3,agbc,mean_prim,tC/ha,12.0,QC-MAIN-8c7063b2,,https://zenodo.org/records/15777016
carbon_stock-8c7063b2-4,bgbc,area_ha,ha,52.591663,QC-MAIN-8c7063b2,,https://zenodo.org/records/15777016
carbon_stock-8c7063b2-5,bgbc,mean_act,tC/ha,2.0,QC-MAIN-8c7063b2,,https://zenodo.org/records/15777016
carbon_stock-8c7063b2-6,bgbc,mean_prim,tC/ha,3.0,QC-MAIN-8c7063b2,,https://zenodo.org/records/15777016
carbon_stock-8c7063b2-7,soc,area_ha,ha,52.591663,QC-MAIN-8c7063b2,,https://zenodo.org/records/15777016
carbon_stock-8c7063b2-8,soc,mean_act,tC/ha,121.0,QC-MAIN-8c7063b2,,https://zenodo.org/records/15777016
carbon_stock-8c7063b2-9,soc,mean_prim,tC/ha,121.0,QC-MAIN-8c7063b2,,https://zenodo.org/records/15777016
carbon_stock-8d6616b4-1,agbc,area_ha,ha,55.014668,QC-MAIN-8d6616b4,GRP-677b5973,https://zenodo.org/records/15777016
carbon_stock-8d6616b4-2,agbc,mean_act,tC/ha,12.0,QC-MAIN-8d6616b4,GRP-677b5973,https://zenodo.org/records/15777016
carbon_stock-8d6616b4-3,agbc,mean_prim,tC/ha,47.0,QC-MAIN-8d6616b4,GRP-677b5973,https://zenodo.org/records/15777016
carbon_stock-8d6616b4-4,bgbc,area_ha,ha,55.014668,QC-MAIN-8d6616b4,GRP-677b5973,https://zenodo.org/records/15777016
carbon_stock-8d6616b4-5,bgbc,mean_act,tC/ha,2.0,QC-MAIN-8d6616b4,GRP-677b5973,https://zenodo.org/records/15777016
carbon_stock-8d6616b4-6,bgbc,mean_prim,tC/ha,12.0,QC-MAIN-8d6616b4,GRP-677b5973,https://zenodo.org/records/15777016
carbon_stock-8d6616b4-7,soc,area_ha,ha,55.014668,QC-MAIN-8d6616b4,GRP-677b5973,https://zenodo.org/records/15777016
carbon_stock-8d6616b4-8,soc,mean_act,tC/ha,101.0,QC-MAIN-8d6616b4,GRP-677b5973,https://zenodo.org/records/15777016
carbon_stock-8d6616b4-9,soc,mean_prim,tC/ha,101.0,QC-MAIN-8d6616b4,GRP-677b5973,https://zenodo.org/records/15777016
carbon_stock-92628f16-1,agbc,area_ha,ha,56.974186,QC-MAIN-92628f16,GRP-677b5973,https://zenodo.org/records/15777016
carbon_stock-92628f16-2,agbc,mean_act,tC/ha,11.0,QC-MAIN-92628f16,GRP-677b5973,https://zenodo.org/records/15777016
carbon_stock-92628f16-3,agbc,mean_prim,tC/ha,45.0,QC-MAIN-92628f16,GRP-677b5973,https://zenodo.org/records/15777016
carbon_stock-92628f16-4,bgbc,area_ha,ha,56.974186,QC-MAIN-92628f16,GRP-677b5973,https://zenodo.org/records/15777016
carbon_stock-92628f16-5,bgbc,mean_act,tC/ha,3.0,QC-MAIN-92628f16,GRP-677b5973,https://zenodo.org/records/15777016
carbon_stock-92628f16-6,bgbc,mean_prim,tC/ha,12.0,QC-MAIN-92628f16,GRP-677b5973,https://zenodo.org/records/15777016
carbon_stock-92628f16-7,soc,area_ha,ha,56.974186,QC-MAIN-92628f16,GRP-677b5973,https://zenodo.org/records/15777016
carbon_stock-92628f16-8,soc,mean_act,tC/ha,82.0,QC-MAIN-92628f16,GRP-677b5973,https://zenodo.org/records/15777016
carbon_stock-92628f16-9,soc,mean_prim,tC/ha,89.0,QC-MAIN-92628f16,GRP-677b5973,https://zenodo.org/records/15777016
carbon_stock-9d41d417-1,agbc,area_ha,ha,53.240757,QC-MAIN-9d41d417,,https://zenodo.org/records/15777016
carbon_stock-9d41d417-2,agbc,mean_act,tC/ha,11.0,QC-MAIN-9d41d417,,https://zenodo.org/records/15777016
carbon_stock-9d41d417-3,agbc,mean_prim,tC/ha,17.0,QC-MAIN-9d41d417,,https://zenodo.org/records/15777016
carbon_stock-9d41d417-4,bgbc,area_ha,ha,53.240757,QC-MAIN-9d41d417,,https://zenodo.org/records/15777016
carbon_stock-9d41d417-5,bgbc,mean_act,tC/ha,3.0,QC-MAIN-9d41d417,,https://zenodo.org/records/15777016
carbon_stock-9d41d417-6,bgbc,mean_prim,tC/ha,4.0,QC-MAIN-9d41d417,,https://zenodo.org/records/15777016
carbon_stock-9d41d417-7,soc,area_ha,ha,53.240757,QC-MAIN-9d41d417,,https://zenodo.org/records/15777016
carbon_stock-9d41d417-8,soc,mean_act,tC/ha,85.0,QC-MAIN-9d41d417,,https://zenodo.org/records/15777016
carbon_stock-9d41d417-9,soc,mean_prim,tC/ha,89.0,QC-MAIN-9d41d417,,https://zenodo.org/records/15777016
carbon_stock-9de9bb0d-1,agbc,area_ha,ha,57.31905,QC-MAIN-9de9bb0d,,https://zenodo.org/records/15777016
carbon_stock-9de9bb0d-2,agbc,mean_act,tC/ha,,QC-MAIN-9de9bb0d,,https://zenodo.org/records/15777016
carbon_stock-9de9bb0d-3,agbc,mean_prim,tC/ha,,QC-MAIN-9de9bb0d,,https://zenodo.org/records/15777016
carbon_stock-9de9bb0d-4,bgbc,area_ha,ha,57.31905,QC-MAIN-9de9bb0d,,https://zenodo.org/records/15777016
carbon_stock-9de9bb0d-5,bgbc,mean_act,tC/ha,,QC-MAIN-9de9bb0d,,https://zenodo.org/records/15777016
carbon_stock-9de9bb0d-6,bgbc,mean_prim,tC/ha,,QC-MAIN-9de9bb0d,,https://zenodo.org/records/15777016
carbon_stock-9de9bb0d-7,soc,area_ha,ha,57.31905,QC-MAIN-9de9bb0d,,https://zenodo.org/records/15777016
carbon_stock-9de9bb0d-8,soc,mean_act,tC/ha,,QC-MAIN-9de9bb0d,,https://zenodo.org/records/15777016
carbon_stock-9de9bb0d-9,soc,mean_prim,tC/ha,,QC-MAIN-9de9bb0d,,https://zenodo.org/records/15777016
carbon_stock-a2c6775d-1,agbc,area_ha,ha,59.605206,QC-MAIN-a2c6775d,,https://zenodo.org/records/15777016
carbon_stock-a2c6775d-2,agbc,mean_act,tC/ha,73.0,QC-MAIN-a2c6775d,,https://zenodo.org/records/15777016
carbon_stock-a2c6775d-3,agbc,mean_prim,tC/ha,73.0,QC-MAIN-a2c6775d,,https://zenodo.org/records/15777016
carbon_stock-a2c6775d-4,bgbc,area_ha,ha,59.605206,QC-MAIN-a2c6775d,,https://zenodo.org/records/15777016
carbon_stock-a2c6775d-5,bgbc,mean_act,tC/ha,23.0,QC-MAIN-a2c6775d,,https://zenodo.org/records/15777016
carbon_stock-a2c6775d-6,bgbc,mean_prim,tC/ha,23.0,QC-MAIN-a2c6775d,,https://zenodo.org/records/15777016
carbon_stock-a2c6775d-7,soc,area_ha,ha,59.605206,QC-MAIN-a2c6775d,,https://zenodo.org/records/15777016
carbon_stock-a2c6775d-8,soc,mean_act,tC/ha,84.0,QC-MAIN-a2c6775d,,https://zenodo.org/records/15777016
carbon_stock-a2c6775d-9,soc,mean_prim,tC/ha,84.0,QC-MAIN-a2c6775d,,https://zenodo.org/records/15777016
carbon_stock-a555d9b9-1,agbc,area_ha,ha,56.861984,QC-MAIN-a555d9b9,,https://zenodo.org/records/15777016
carbon_stock-a555d9b9-2,agbc,mean_act,tC/ha,19.0,QC-MAIN-a555d9b9,,https://zenodo.org/records/15777016
carbon_stock-a555d9b9-3,agbc,mean_prim,tC/ha,47.0,QC-MAIN-a555d9b9,,https://zenodo.org/records/15777016
carbon_stock-a555d9b9-4,bgbc,area_ha,ha,56.861984,QC-MAIN-a555d9b9,,https://zenodo.org/records/15777016
carbon_stock-a555d9b9-5,bgbc,mean_act,tC/ha,5.0,QC-MAIN-a555d9b9,,https://zenodo.org/records/15777016
carbon_stock-a555d9b9-6,bgbc,mean_prim,tC/ha,13.0,QC-MAIN-a555d9b9,,https://zenodo.org/records/15777016
carbon_stock-a555d9b9-7,soc,area_ha,ha,56.861984,QC-MAIN-a555d9b9,,https://zenodo.org/records/15777016
carbon_stock-a555d9b9-8,soc,mean_act,tC/ha,85.0,QC-MAIN-a555d9b9,,https://zenodo.org/records/15777016
carbon_stock-a555d9b9-9,soc,mean_prim,tC/ha,87.0,QC-MAIN-a555d9b9,,https://zenodo.org/records/15777016
carbon_stock-a97821c0-1,agbc,area_ha,ha,40.72326,QC-MAIN-a97821c0,,https://zenodo.org/records/15777016
carbon_stock-a97821c0-2,agbc,mean_act,tC/ha,,QC-MAIN-a97821c0,,https://zenodo.org/records/15777016
carbon_stock-a97821c0-3,agbc,mean_prim,tC/ha,,QC-MAIN-a97821c0,,https://zenodo.org/records/15777016
carbon_stock-a97821c0-4,bgbc,area_ha,ha,40.72326,QC-MAIN-a97821c0,,https://zenodo.org/records/15777016
carbon_stock-a97821c0-5,bgbc,mean_act,tC/ha,,QC-MAIN-a97821c0,,https://zenodo.org/records/15777016
carbon_stock-a97821c0-6,bgbc,mean_prim,tC/ha,,QC-MAIN-a97821c0,,https://zenodo.org/records/15777016
carbon_stock-a97821c0-7,soc,area_ha,ha,40.72326,QC-MAIN-a97821c0,,https://zenodo.org/records/15777016
carbon_stock-a97821c0-8,soc,mean_act,tC/ha,,QC-MAIN-a97821c0,,https://zenodo.org/records/15777016
carbon_stock-a97821c0-9,soc,mean_prim,tC/ha,,QC-MAIN-a97821c0,,https://zenodo.org/records/15777016
carbon_stock-aa793d35-1,agbc,area_ha,ha,56.73086,QC-MAIN-aa793d35,,https://zenodo.org/records/15777016
carbon_stock-aa793d35-2,agbc,mean_act,tC/ha,32.0,QC-MAIN-aa793d35,,https://zenodo.org/records/15777016
carbon_stock-aa793d35-3,agbc,mean_prim,tC/ha,52.0,QC-MAIN-aa793d35,,https://zenodo.org/records/15777016
carbon_stock-aa793d35-4,bgbc,area_ha,ha,56.73086,QC-MAIN-aa793d35,,https://zenodo.org/records/15777016
carbon_stock-aa793d35-5,bgbc,mean_act,tC/ha,9.0,QC-MAIN-aa793d35,,https://zenodo.org/records/15777016
carbon_stock-aa793d35-6,bgbc,mean_prim,tC/ha,14.0,QC-MAIN-aa793d35,,https://zenodo.org/records/15777016
carbon_stock-aa793d35-7,soc,area_ha,ha,56.73086,QC-MAIN-aa793d35,,https://zenodo.org/records/15777016
carbon_stock-aa793d35-8,soc,mean_act,tC/ha,92.0,QC-MAIN-aa793d35,,https://zenodo.org/records/15777016
carbon_stock-aa793d35-9,soc,mean_prim,tC/ha,95.0,QC-MAIN-aa793d35,,https://zenodo.org/records/15777016
carbon_stock-abb3e1c7-1,agbc,area_ha,ha,60.240234,QC-MAIN-abb3e1c7,,https://zenodo.org/records/15777016
carbon_stock-abb3e1c7-2,agbc,mean_act,tC/ha,14.0,QC-MAIN-abb3e1c7,,https://zenodo.org/records/15777016
carbon_stock-abb3e1c7-3,agbc,mean_prim,tC/ha,51.0,QC-MAIN-abb3e1c7,,https://zenodo.org/records/15777016
carbon_stock-abb3e1c7-4,bgbc,area_ha,ha,60.240234,QC-MAIN-abb3e1c7,,https://zenodo.org/records/15777016
carbon_stock-abb3e1c7-5,bgbc,mean_act,tC/ha,6.0,QC-MAIN-abb3e1c7,,https://zenodo.org/records/15777016
carbon_stock-abb3e1c7-6,bgbc,mean_prim,tC/ha,14.0,QC-MAIN-abb3e1c7,,https://zenodo.org/records/15777016
carbon_stock-abb3e1c7-7,soc,area_ha,ha,60.240234,QC-MAIN-abb3e1c7,,https://zenodo.org/records/15777016
carbon_stock-abb3e1c7-8,soc,mean_act,tC/ha,98.0,QC-MAIN-abb3e1c7,,https://zenodo.org/records/15777016
carbon_stock-abb3e1c7-9,soc,mean_prim,tC/ha,98.0,QC-MAIN-abb3e1c7,,https://zenodo.org/records/15777016
carbon_stock-ae473a4e-1,agbc,area_ha,ha,52.21574,QC-MAIN-ae473a4e,,https://zenodo.org/records/15777016
carbon_stock-ae473a4e-2,agbc,mean_act,tC/ha,18.0,QC-MAIN-ae473a4e,,https://zenodo.org/records/15777016
carbon_stock-ae473a4e-3,agbc,mean_prim,tC/ha,24.0,QC-MAIN-ae473a4e,,https://zenodo.org/records/15777016
carbon_stock-ae473a4e-4,bgbc,area_ha,ha,52.21574,QC-MAIN-ae473a4e,,https://zenodo.org/records/15777016
carbon_stock-ae473a4e-5,bgbc,mean_act,tC/ha,5.0,QC-MAIN-ae473a4e,,https://zenodo.org/records/15777016
carbon_stock-ae473a4e-6,bgbc,mean_prim,tC/ha,7.0,QC-MAIN-ae473a4e,,https://zenodo.org/records/15777016
carbon_stock-ae473a4e-7,soc,area_ha,ha,52.21574,QC-MAIN-ae473a4e,,https://zenodo.org/records/15777016
carbon_stock-ae473a4e-8,soc,mean_act,tC/ha,93.0,QC-MAIN-ae473a4e,,https://zenodo.org/records/15777016
carbon_stock-ae473a4e-9,soc,mean_prim,tC/ha,93.0,QC-MAIN-ae473a4e,,https://zenodo.org/records/15777016
carbon_stock-b2148882-1,agbc,area_ha,ha,54.02095,QC-MAIN-b2148882,,https://zenodo.org/records/15777016
carbon_stock-b2148882-2,agbc,mean_act,tC/ha,9.0,QC-MAIN-b2148882,,https://zenodo.org/records/15777016
carbon_stock-b2148882-3,agbc,mean_prim,tC/ha,32.0,QC-MAIN-b2148882,,https://zenodo.org/records/15777016
carbon_stock-b2148882-4,bgbc,area_ha,ha,54.02095,QC-MAIN-b2148882,,https://zenodo.org/records/15777016
carbon_stock-b2148882-5,bgbc,mean_act,tC/ha,2.0,QC-MAIN-b2148882,,https://zenodo.org/records/15777016
carbon_stock-b2148882-6,bgbc,mean_prim,tC/ha,8.0,QC-MAIN-b2148882,,https://zenodo.org/records/15777016
carbon_stock-b2148882-7,soc,area_ha,ha,54.02095,QC-MAIN-b2148882,,https://zenodo.org/records/15777016
carbon_stock-b2148882-8,soc,mean_act,tC/ha,81.0,QC-MAIN-b2148882,,https://zenodo.org/records/15777016
carbon_stock-b2148882-9,soc,mean_prim,tC/ha,85.0,QC-MAIN-b2148882,,https://zenodo.org/records/15777016
carbon_stock-b5937543-1,agbc,area_ha,ha,55.416344,QC-MAIN-b5937543,,https://zenodo.org/records/15777016
carbon_stock-b5937543-2,agbc,mean_act,tC/ha,18.0,QC-MAIN-b5937543,,https://zenodo.org/records/15777016
carbon_stock-b5937543-3,agbc,mean_prim,tC/ha,26.0,QC-MAIN-b5937543,,https://zenodo.org/records/15777016
carbon_stock-b5937543-4,bgbc,area_ha,ha,55.416344,QC-MAIN-b5937543,,https://zenodo.org/records/15777016
carbon_stock-b5937543-5,bgbc,mean_act,tC/ha,4.0,QC-MAIN-b5937543,,https://zenodo.org/records/15777016
carbon_stock-b5937543-6,bgbc,mean_prim,tC/ha,7.0,QC-MAIN-b5937543,,https://zenodo.org/records/15777016
carbon_stock-b5937543-7,soc,area_ha,ha,55.416344,QC-MAIN-b5937543,,https://zenodo.org/records/15777016
carbon_stock-b5937543-8,soc,mean_act,tC/ha,85.0,QC-MAIN-b5937543,,https://zenodo.org/records/15777016
carbon_stock-b5937543-9,soc,mean_prim,tC/ha,88.0,QC-MAIN-b5937543,,https://zenodo.org/records/15777016
carbon_stock-b86f7d07-1,agbc,area_ha,ha,55.682976,QC-MAIN-b86f7d07,,https://zenodo.org/records/15777016
carbon_stock-b86f7d07-2,agbc,mean_act,tC/ha,12.0,QC-MAIN-b86f7d07,,https://zenodo.org/records/15777016
carbon_stock-b86f7d07-3,agbc,mean_prim,tC/ha,30.0,QC-MAIN-b86f7d07,,https://zenodo.org/records/15777016
carbon_stock-b86f7d07-4,bgbc,area_ha,ha,55.682976,QC-MAIN-b86f7d07,,https://zenodo.org/records/15777016
carbon_stock-b86f7d07-5,bgbc,mean_act,tC/ha,3.0,QC-MAIN-b86f7d07,,https://zenodo.org/records/15777016
carbon_stock-b86f7d07-6,bgbc,mean_prim,tC/ha,8.0,QC-MAIN-b86f7d07,,https://zenodo.org/records/15777016
carbon_stock-b86f7d07-7,soc,area_ha,ha,55.682976,QC-MAIN-b86f7d07,,https://zenodo.org/records/15777016
carbon_stock-b86f7d07-8,soc,mean_act,tC/ha,97.0,QC-MAIN-b86f7d07,,https://zenodo.org/records/15777016
carbon_stock-b86f7d07-9,soc,mean_prim,tC/ha,101.0,QC-MAIN-b86f7d07,,https://zenodo.org/records/15777016
carbon_stock-b8c826a2-1,agbc,area_ha,ha,49.13144,QC-MAIN-b8c826a2,GRP-2a663492,https://zenodo.org/records/15777016
carbon_stock-b8c826a2-2,agbc,mean_act,tC/ha,4.0,QC-MAIN-b8c826a2,GRP-2a663492,https://zenodo.org/records/15777016
carbon_stock-b8c826a2-3,agbc,mean_prim,tC/ha,6.0,QC-MAIN-b8c826a2,GRP-2a663492,https://zenodo.org/records/15777016
carbon_stock-b8c826a2-4,bgbc,area_ha,ha,49.13144,QC-MAIN-b8c826a2,GRP-2a663492,https://zenodo.org/records/15777016
carbon_stock-b8c826a2-5,bgbc,mean_act,tC/ha,1.0,QC-MAIN-b8c826a2,GRP-2a663492,https://zenodo.org/records/15777016
carbon_stock-b8c826a2-6,bgbc,mean_prim,tC/ha,2.0,QC-MAIN-b8c826a2,GRP-2a663492,https://zenodo.org/records/15777016
carbon_stock-b8c826a2-7,soc,area_ha,ha,49.13144,QC-MAIN-b8c826a2,GRP-2a663492,https://zenodo.org/records/15777016
carbon_stock-b8c826a2-8,soc,mean_act,tC/ha,79.0,QC-MAIN-b8c826a2,GRP-2a663492,https://zenodo.org/records/15777016
carbon_stock-b8c826a2-9,soc,mean_prim,tC/ha,86.0,QC-MAIN-b8c826a2,GRP-2a663492,https://zenodo.org/records/15777016
carbon_stock-be473617-1,agbc,area_ha,ha,55.28268,QC-MAIN-be473617,,https://zenodo.org/records/15777016
carbon_stock-be473617-2,agbc,mean_act,tC/ha,49.0,QC-MAIN-be473617,,https://zenodo.org/records/15777016
carbon_stock-be473617-3,agbc,mean_prim,tC/ha,49.0,QC-MAIN-be473617,,https://zenodo.org/records/15777016
carbon_stock-be473617-4,bgbc,area_ha,ha,55.28268,QC-MAIN-be473617,,https://zenodo.org/records/15777016
carbon_stock-be473617-5,bgbc,mean_act,tC/ha,13.0,QC-MAIN-be473617,,https://zenodo.org/records/15777016
carbon_stock-be473617-6,bgbc,mean_prim,tC/ha,13.0,QC-MAIN-be473617,,https://zenodo.org/records/15777016
carbon_stock-be473617-7,soc,area_ha,ha,55.28268,QC-MAIN-be473617,,https://zenodo.org/records/15777016
carbon_stock-be473617-8,soc,mean_act,tC/ha,77.0,QC-MAIN-be473617,,https://zenodo.org/records/15777016
carbon_stock-be473617-9,soc,mean_prim,tC/ha,83.0,QC-MAIN-be473617,,https://zenodo.org/records/15777016
carbon_stock-c0660aec-1,agbc,area_ha,ha,57.34694,QC-MAIN-c0660aec,,https://zenodo.org/records/15777016
carbon_stock-c0660aec-2,agbc,mean_act,tC/ha,42.0,QC-MAIN-c0660aec,,https://zenodo.org/records/15777016
carbon_stock-c0660aec-3,agbc,mean_prim,tC/ha,54.0,QC-MAIN-c0660aec,,https://zenodo.org/records/15777016
carbon_stock-c0660aec-4,bgbc,area_ha,ha,57.34694,QC-MAIN-c0660aec,,https://zenodo.org/records/15777016
carbon_stock-c0660aec-5,bgbc,mean_act,tC/ha,12.0,QC-MAIN-c0660aec,,https://zenodo.org/records/15777016
carbon_stock-c0660aec-6,bgbc,mean_prim,tC/ha,15.0,QC-MAIN-c0660aec,,https://zenodo.org/records/15777016
carbon_stock-c0660aec-7,soc,area_ha,ha,57.34694,QC-MAIN-c0660aec,,https://zenodo.org/records/15777016
carbon_stock-c0660aec-8,soc,mean_act,tC/ha,86.0,QC-MAIN-c0660aec,,https://zenodo.org/records/15777016
carbon_stock-c0660aec-9,soc,mean_prim,tC/ha,86.0,QC-MAIN-c0660aec,,https://zenodo.org/records/15777016
carbon_stock-c0e3a48b-1,agbc,area_ha,ha,57.114197,QC-MAIN-c0e3a48b,GRP-677b5973,https://zenodo.org/records/15777016
carbon_stock-c0e3a48b-2,agbc,mean_act,tC/ha,9.0,QC-MAIN-c0e3a48b,GRP-677b5973,https://zenodo.org/records/15777016
carbon_stock-c0e3a48b-3,agbc,mean_prim,tC/ha,45.0,QC-MAIN-c0e3a48b,GRP-677b5973,https://zenodo.org/records/15777016
carbon_stock-c0e3a48b-4,bgbc,area_ha,ha,57.114197,QC-MAIN-c0e3a48b,GRP-677b5973,https://zenodo.org/records/15777016
carbon_stock-c0e3a48b-5,bgbc,mean_act,tC/ha,2.0,QC-MAIN-c0e3a48b,GRP-677b5973,https://zenodo.org/records/15777016
carbon_stock-c0e3a48b-6,bgbc,mean_prim,tC/ha,12.0,QC-MAIN-c0e3a48b,GRP-677b5973,https://zenodo.org/records/15777016
carbon_stock-c0e3a48b-7,soc,area_ha,ha,57.114197,QC-MAIN-c0e3a48b,GRP-677b5973,https://zenodo.org/records/15777016
carbon_stock-c0e3a48b-8,soc,mean_act,tC/ha,86.0,QC-MAIN-c0e3a48b,GRP-677b5973,https://zenodo.org/records/15777016
carbon_stock-c0e3a48b-9,soc,mean_prim,tC/ha,93.0,QC-MAIN-c0e3a48b,GRP-677b5973,https://zenodo.org/records/15777016
carbon_stock-c1c7eb99-1,agbc,area_ha,ha,56.974186,QC-MAIN-c1c7eb99,GRP-677b5973,https://zenodo.org/records/15777016
carbon_stock-c1c7eb99-2,agbc,mean_act,tC/ha,13.0,QC-MAIN-c1c7eb99,GRP-677b5973,https://zenodo.org/records/15777016
carbon_stock-c1c7eb99-3,agbc,mean_prim,tC/ha,47.0,QC-MAIN-c1c7eb99,GRP-677b5973,https://zenodo.org/records/15777016
carbon_stock-c1c7eb99-4,bgbc,area_ha,ha,56.974186,QC-MAIN-c1c7eb99,GRP-677b5973,https://zenodo.org/records/15777016
carbon_stock-c1c7eb99-5,bgbc,mean_act,tC/ha,3.0,QC-MAIN-c1c7eb99,GRP-677b5973,https://zenodo.org/records/15777016
carbon_stock-c1c7eb99-6,bgbc,mean_prim,tC/ha,13.0,QC-MAIN-c1c7eb99,GRP-677b5973,https://zenodo.org/records/15777016
carbon_stock-c1c7eb99-7,soc,area_ha,ha,56.974186,QC-MAIN-c1c7eb99,GRP-677b5973,https://zenodo.org/records/15777016
carbon_stock-c1c7eb99-8,soc,mean_act,tC/ha,82.0,QC-MAIN-c1c7eb99,GRP-677b5973,https://zenodo.org/records/15777016
carbon_stock-c1c7eb99-9,soc,mean_prim,tC/ha,87.0,QC-MAIN-c1c7eb99,GRP-677b5973,https://zenodo.org/records/15777016
carbon_stock-c1cc9f7c-1,agbc,area_ha,ha,59.244637,QC-MAIN-c1cc9f7c,,https://zenodo.org/records/15777016
carbon_stock-c1cc9f7c-2,agbc,mean_act,tC/ha,8.0,QC-MAIN-c1cc9f7c,,https://zenodo.org/records/15777016
carbon_stock-c1cc9f7c-3,agbc,mean_prim,tC/ha,49.0,QC-MAIN-c1cc9f7c,,https://zenodo.org/records/15777016
carbon_stock-c1cc9f7c-4,bgbc,area_ha,ha,59.244637,QC-MAIN-c1cc9f7c,,https://zenodo.org/records/15777016
carbon_stock-c1cc9f7c-5,bgbc,mean_act,tC/ha,2.0,QC-MAIN-c1cc9f7c,,https://zenodo.org/records/15777016
carbon_stock-c1cc9f7c-6,bgbc,mean_prim,tC/ha,14.0,QC-MAIN-c1cc9f7c,,https://zenodo.org/records/15777016
carbon_stock-c1cc9f7c-7,soc,area_ha,ha,59.244637,QC-MAIN-c1cc9f7c,,https://zenodo.org/records/15777016
carbon_stock-c1cc9f7c-8,soc,mean_act,tC/ha,81.0,QC-MAIN-c1cc9f7c,,https://zenodo.org/records/15777016
carbon_stock-c1cc9f7c-9,soc,mean_prim,tC/ha,87.0,QC-MAIN-c1cc9f7c,,https://zenodo.org/records/15777016
carbon_stock-c4fb59c2-1,agbc,area_ha,ha,54.350327,QC-MAIN-c4fb59c2,,https://zenodo.org/records/15777016
carbon_stock-c4fb59c2-2,agbc,mean_act,tC/ha,31.0,QC-MAIN-c4fb59c2,,https://zenodo.org/records/15777016
carbon_stock-c4fb59c2-3,agbc,mean_prim,tC/ha,39.0,QC-MAIN-c4fb59c2,,https://zenodo.org/records/15777016
carbon_stock-c4fb59c2-4,bgbc,area_ha,ha,54.350327,QC-MAIN-c4fb59c2,,https://zenodo.org/records/15777016
carbon_stock-c4fb59c2-5,bgbc,mean_act,tC/ha,8.0,QC-MAIN-c4fb59c2,,https://zenodo.org/records/15777016
carbon_stock-c4fb59c2-6,bgbc,mean_prim,tC/ha,10.0,QC-MAIN-c4fb59c2,,https://zenodo.org/records/15777016
carbon_stock-c4fb59c2-7,soc,area_ha,ha,54.350327,QC-MAIN-c4fb59c2,,https://zenodo.org/records/15777016
carbon_stock-c4fb59c2-8,soc,mean_act,tC/ha,82.0,QC-MAIN-c4fb59c2,,https://zenodo.org/records/15777016
carbon_stock-c4fb59c2-9,soc,mean_prim,tC/ha,86.0,QC-MAIN-c4fb59c2,,https://zenodo.org/records/15777016
carbon_stock-c8966bdc-1,agbc,area_ha,ha,59.2356,QC-MAIN-c8966bdc,,https://zenodo.org/records/15777016
carbon_stock-c8966bdc-2,agbc,mean_act,tC/ha,7.0,QC-MAIN-c8966bdc,,https://zenodo.org/records/15777016
carbon_stock-c8966bdc-3,agbc,mean_prim,tC/ha,52.0,QC-MAIN-c8966bdc,,https://zenodo.org/records/15777016
carbon_stock-c8966bdc-4,bgbc,area_ha,ha,59.2356,QC-MAIN-c8966bdc,,https://zenodo.org/records/15777016
carbon_stock-c8966bdc-5,bgbc,mean_act,tC/ha,2.0,QC-MAIN-c8966bdc,,https://zenodo.org/records/15777016
carbon_stock-c8966bdc-6,bgbc,mean_prim,tC/ha,14.0,QC-MAIN-c8966bdc,,https://zenodo.org/records/15777016
carbon_stock-c8966bdc-7,soc,area_ha,ha,59.2356,QC-MAIN-c8966bdc,,https://zenodo.org/records/15777016
carbon_stock-c8966bdc-8,soc,mean_act,tC/ha,80.0,QC-MAIN-c8966bdc,,https://zenodo.org/records/15777016
carbon_stock-c8966bdc-9,soc,mean_prim,tC/ha,84.0,QC-MAIN-c8966bdc,,https://zenodo.org/records/15777016
carbon_stock-d29e0839-1,agbc,area_ha,ha,56.185146,QC-MAIN-d29e0839,,https://zenodo.org/records/15777016
carbon_stock-d29e0839-2,agbc,mean_act,tC/ha,31.0,QC-MAIN-d29e0839,,https://zenodo.org/records/15777016
carbon_stock-d29e0839-3,agbc,mean_prim,tC/ha,47.0,QC-MAIN-d29e0839,,https://zenodo.org/records/15777016
carbon_stock-d29e0839-4,bgbc,area_ha,ha,56.185146,QC-MAIN-d29e0839,,https://zenodo.org/records/15777016
carbon_stock-d29e0839-5,bgbc,mean_act,tC/ha,7.0,QC-MAIN-d29e0839,,https://zenodo.org/records/15777016
carbon_stock-d29e0839-6,bgbc,mean_prim,tC/ha,12.0,QC-MAIN-d29e0839,,https://zenodo.org/records/15777016
carbon_stock-d29e0839-7,soc,area_ha,ha,56.185146,QC-MAIN-d29e0839,,https://zenodo.org/records/15777016
carbon_stock-d29e0839-8,soc,mean_act,tC/ha,87.0,QC-MAIN-d29e0839,,https://zenodo.org/records/15777016
carbon_stock-d29e0839-9,soc,mean_prim,tC/ha,91.0,QC-MAIN-d29e0839,,https://zenodo.org/records/15777016
carbon_stock-d4e2812a-1,agbc,area_ha,ha,52.838104,QC-MAIN-d4e2812a,,https://zenodo.org/records/15777016
carbon_stock-d4e2812a-2,agbc,mean_act,tC/ha,12.0,QC-MAIN-d4e2812a,,https://zenodo.org/records/15777016
carbon_stock-d4e2812a-3,agbc,mean_prim,tC/ha,14.0,QC-MAIN-d4e2812a,,https://zenodo.org/records/15777016
carbon_stock-d4e2812a-4,bgbc,area_ha,ha,52.838104,QC-MAIN-d4e2812a,,https://zenodo.org/records/15777016
carbon_stock-d4e2812a-5,bgbc,mean_act,tC/ha,3.0,QC-MAIN-d4e2812a,,https://zenodo.org/records/15777016
carbon_stock-d4e2812a-6,bgbc,mean_prim,tC/ha,4.0,QC-MAIN-d4e2812a,,https://zenodo.org/records/15777016
carbon_stock-d4e2812a-7,soc,area_ha,ha,52.838104,QC-MAIN-d4e2812a,,https://zenodo.org/records/15777016
carbon_stock-d4e2812a-8,soc,mean_act,tC/ha,98.0,QC-MAIN-d4e2812a,,https://zenodo.org/records/15777016
carbon_stock-d4e2812a-9,soc,mean_prim,tC/ha,98.0,QC-MAIN-d4e2812a,,https://zenodo.org/records/15777016
carbon_stock-d59f82aa-1,agbc,area_ha,ha,54.475914,QC-MAIN-d59f82aa,,https://zenodo.org/records/15777016
carbon_stock-d59f82aa-2,agbc,mean_act,tC/ha,27.0,QC-MAIN-d59f82aa,,https://zenodo.org/records/15777016
carbon_stock-d59f82aa-3,agbc,mean_prim,tC/ha,27.0,QC-MAIN-d59f82aa,,https://zenodo.org/records/15777016
carbon_stock-d59f82aa-4,bgbc,area_ha,ha,54.475914,QC-MAIN-d59f82aa,,https://zenodo.org/records/15777016
carbon_stock-d59f82aa-5,bgbc,mean_act,tC/ha,7.0,QC-MAIN-d59f82aa,,https://zenodo.org/records/15777016
carbon_stock-d59f82aa-6,bgbc,mean_prim,tC/ha,7.0,QC-MAIN-d59f82aa,,https://zenodo.org/records/15777016
carbon_stock-d59f82aa-7,soc,area_ha,ha,54.475914,QC-MAIN-d59f82aa,,https://zenodo.org/records/15777016
carbon_stock-d59f82aa-8,soc,mean_act,tC/ha,92.0,QC-MAIN-d59f82aa,,https://zenodo.org/records/15777016
carbon_stock-d59f82aa-9,soc,mean_prim,tC/ha,92.0,QC-MAIN-d59f82aa,,https://zenodo.org/records/15777016
carbon_stock-d6748d40-1,agbc,area_ha,ha,58.972897,QC-MAIN-d6748d40,,https://zenodo.org/records/15777016
carbon_stock-d6748d40-2,agbc,mean_act,tC/ha,46.0,QC-MAIN-d6748d40,,https://zenodo.org/records/15777016
carbon_stock-d6748d40-3,agbc,mean_prim,tC/ha,60.0,QC-MAIN-d6748d40,,https://zenodo.org/records/15777016
carbon_stock-d6748d40-4,bgbc,area_ha,ha,58.972897,QC-MAIN-d6748d40,,https://zenodo.org/records/15777016
carbon_stock-d6748d40-5,bgbc,mean_act,tC/ha,12.0,QC-MAIN-d6748d40,,https://zenodo.org/records/15777016
carbon_stock-d6748d40-6,bgbc,mean_prim,tC/ha,16.0,QC-MAIN-d6748d40,,https://zenodo.org/records/15777016
carbon_stock-d6748d40-7,soc,area_ha,ha,58.972897,QC-MAIN-d6748d40,,https://zenodo.org/records/15777016
carbon_stock-d6748d40-8,soc,mean_act,tC/ha,82.0,QC-MAIN-d6748d40,,https://zenodo.org/records/15777016
carbon_stock-d6748d40-9,soc,mean_prim,tC/ha,82.0,QC-MAIN-d6748d40,,https://zenodo.org/records/15777016
carbon_stock-dc1a16f9-1,agbc,area_ha,ha,56.99287,QC-MAIN-dc1a16f9,,https://zenodo.org/records/15777016
carbon_stock-dc1a16f9-2,agbc,mean_act,tC/ha,45.0,QC-MAIN-dc1a16f9,,https://zenodo.org/records/15777016
carbon_stock-dc1a16f9-3,agbc,mean_prim,tC/ha,57.0,QC-MAIN-dc1a16f9,,https://zenodo.org/records/15777016
carbon_stock-dc1a16f9-4,bgbc,area_ha,ha,56.99287,QC-MAIN-dc1a16f9,,https://zenodo.org/records/15777016
carbon_stock-dc1a16f9-5,bgbc,mean_act,tC/ha,11.0,QC-MAIN-dc1a16f9,,https://zenodo.org/records/15777016
carbon_stock-dc1a16f9-6,bgbc,mean_prim,tC/ha,15.0,QC-MAIN-dc1a16f9,,https://zenodo.org/records/15777016
carbon_stock-dc1a16f9-7,soc,area_ha,ha,56.99287,QC-MAIN-dc1a16f9,,https://zenodo.org/records/15777016
carbon_stock-dc1a16f9-8,soc,mean_act,tC/ha,89.0,QC-MAIN-dc1a16f9,,https://zenodo.org/records/15777016
carbon_stock-dc1a16f9-9,soc,mean_prim,tC/ha,89.0,QC-MAIN-dc1a16f9,,https://zenodo.org/records/15777016
carbon_stock-de3d8b7b-1,agbc,area_ha,ha,60.47118,QC-MAIN-de3d8b7b,,https://zenodo.org/records/15777016
carbon_stock-de3d8b7b-2,agbc,mean_act,tC/ha,8.0,QC-MAIN-de3d8b7b,,https://zenodo.org/records/15777016
carbon_stock-de3d8b7b-3,agbc,mean_prim,tC/ha,51.0,QC-MAIN-de3d8b7b,,https://zenodo.org/records/15777016
carbon_stock-de3d8b7b-4,bgbc,area_ha,ha,60.47118,QC-MAIN-de3d8b7b,,https://zenodo.org/records/15777016
carbon_stock-de3d8b7b-5,bgbc,mean_act,tC/ha,2.0,QC-MAIN-de3d8b7b,,https://zenodo.org/records/15777016
carbon_stock-de3d8b7b-6,bgbc,mean_prim,tC/ha,14.0,QC-MAIN-de3d8b7b,,https://zenodo.org/records/15777016
carbon_stock-de3d8b7b-7,soc,area_ha,ha,60.47118,QC-MAIN-de3d8b7b,,https://zenodo.org/records/15777016
carbon_stock-de3d8b7b-8,soc,mean_act,tC/ha,91.0,QC-MAIN-de3d8b7b,,https://zenodo.org/records/15777016
carbon_stock-de3d8b7b-9,soc,mean_prim,tC/ha,91.0,QC-MAIN-de3d8b7b,,https://zenodo.org/records/15777016
carbon_stock-e25eed27-1,agbc,area_ha,ha,55.15836,QC-MAIN-e25eed27,GRP-1402249f,https://zenodo.org/records/15777016
carbon_stock-e25eed27-2,agbc,mean_act,tC/ha,10.0,QC-MAIN-e25eed27,GRP-1402249f,https://zenodo.org/records/15777016
carbon_stock-e25eed27-3,agbc,mean_prim,tC/ha,34.0,QC-MAIN-e25eed27,GRP-1402249f,https://zenodo.org/records/15777016
carbon_stock-e25eed27-4,bgbc,area_ha,ha,55.15836,QC-MAIN-e25eed27,GRP-1402249f,https://zenodo.org/records/15777016
carbon_stock-e25eed27-5,bgbc,mean_act,tC/ha,3.0,QC-MAIN-e25eed27,GRP-1402249f,https://zenodo.org/records/15777016
carbon_stock-e25eed27-6,bgbc,mean_prim,tC/ha,9.0,QC-MAIN-e25eed27,GRP-1402249f,https://zenodo.org/records/15777016
carbon_stock-e25eed27-7,soc,area_ha,ha,55.15836,QC-MAIN-e25eed27,GRP-1402249f,https://zenodo.org/records/15777016
carbon_stock-e25eed27-8,soc,mean_act,tC/ha,92.0,QC-MAIN-e25eed27,GRP-1402249f,https://zenodo.org/records/15777016
carbon_stock-e25eed27-9,soc,mean_prim,tC/ha,100.0,QC-MAIN-e25eed27,GRP-1402249f,https://zenodo.org/records/15777016
carbon_stock-e51eda66-1,agbc,area_ha,ha,57.170124,QC-MAIN-e51eda66,,https://zenodo.org/records/15777016
carbon_stock-e51eda66-2,agbc,mean_act,tC/ha,15.0,QC-MAIN-e51eda66,,https://zenodo.org/records/15777016
carbon_stock-e51eda66-3,agbc,mean_prim,tC/ha,51.0,QC-MAIN-e51eda66,,https://zenodo.org/records/15777016
carbon_stock-e51eda66-4,bgbc,area_ha,ha,57.170124,QC-MAIN-e51eda66,,https://zenodo.org/records/15777016
carbon_stock-e51eda66-5,bgbc,mean_act,tC/ha,4.0,QC-MAIN-e51eda66,,https://zenodo.org/records/15777016
carbon_stock-e51eda66-6,bgbc,mean_prim,tC/ha,13.0,QC-MAIN-e51eda66,,https://zenodo.org/records/15777016
carbon_stock-e51eda66-7,soc,area_ha,ha,57.170124,QC-MAIN-e51eda66,,https://zenodo.org/records/15777016
carbon_stock-e51eda66-8,soc,mean_act,tC/ha,82.0,QC-MAIN-e51eda66,,https://zenodo.org/records/15777016
carbon_stock-e51eda66-9,soc,mean_prim,tC/ha,85.0,QC-MAIN-e51eda66,,https://zenodo.org/records/15777016
carbon_stock-e7e6a960-1,agbc,area_ha,ha,57.31905,QC-MAIN-e7e6a960,,https://zenodo.org/records/15777016
carbon_stock-e7e6a960-2,agbc,mean_act,tC/ha,24.0,QC-MAIN-e7e6a960,,https://zenodo.org/records/15777016
carbon_stock-e7e6a960-3,agbc,mean_prim,tC/ha,47.0,QC-MAIN-e7e6a960,,https://zenodo.org/records/15777016
carbon_stock-e7e6a960-4,bgbc,area_ha,ha,57.31905,QC-MAIN-e7e6a960,,https://zenodo.org/records/15777016
carbon_stock-e7e6a960-5,bgbc,mean_act,tC/ha,8.0,QC-MAIN-e7e6a960,,https://zenodo.org/records/15777016
carbon_stock-e7e6a960-6,bgbc,mean_prim,tC/ha,13.0,QC-MAIN-e7e6a960,,https://zenodo.org/records/15777016
carbon_stock-e7e6a960-7,soc,area_ha,ha,57.31905,QC-MAIN-e7e6a960,,https://zenodo.org/records/15777016
carbon_stock-e7e6a960-8,soc,mean_act,tC/ha,85.0,QC-MAIN-e7e6a960,,https://zenodo.org/records/15777016
carbon_stock-e7e6a960-9,soc,mean_prim,tC/ha,85.0,QC-MAIN-e7e6a960,,https://zenodo.org/records/15777016
carbon_stock-e82266c5-1,agbc,area_ha,ha,54.5531,QC-MAIN-e82266c5,GRP-25483238,https://zenodo.org/records/15777016
carbon_stock-e82266c5-2,agbc,mean_act,tC/ha,18.0,QC-MAIN-e82266c5,GRP-25483238,https://zenodo.org/records/15777016
carbon_stock-e82266c5-3,agbc,mean_prim,tC/ha,40.0,QC-MAIN-e82266c5,GRP-25483238,https://zenodo.org/records/15777016
carbon_stock-e82266c5-4,bgbc,area_ha,ha,54.5531,QC-MAIN-e82266c5,GRP-25483238,https://zenodo.org/records/15777016
carbon_stock-e82266c5-5,bgbc,mean_act,tC/ha,5.0,QC-MAIN-e82266c5,GRP-25483238,https://zenodo.org/records/15777016
carbon_stock-e82266c5-6,bgbc,mean_prim,tC/ha,10.0,QC-MAIN-e82266c5,GRP-25483238,https://zenodo.org/records/15777016
carbon_stock-e82266c5-7,soc,area_ha,ha,54.5531,QC-MAIN-e82266c5,GRP-25483238,https://zenodo.org/records/15777016
carbon_stock-e82266c5-8,soc,mean_act,tC/ha,83.0,QC-MAIN-e82266c5,GRP-25483238,https://zenodo.org/records/15777016
carbon_stock-e82266c5-9,soc,mean_prim,tC/ha,85.0,QC-MAIN-e82266c5,GRP-25483238,https://zenodo.org/records/15777016
carbon_stock-eac5a52b-1,agbc,area_ha,ha,58.891155,QC-MAIN-eac5a52b,,https://zenodo.org/records/15777016
carbon_stock-eac5a52b-2,agbc,mean_act,tC/ha,38.0,QC-MAIN-eac5a52b,,https://zenodo.org/records/15777016
carbon_stock-eac5a52b-3,agbc,mean_prim,tC/ha,51.0,QC-MAIN-eac5a52b,,https://zenodo.org/records/15777016
carbon_stock-eac5a52b-4,bgbc,area_ha,ha,58.891155,QC-MAIN-eac5a52b,,https://zenodo.org/records/15777016
carbon_stock-eac5a52b-5,bgbc,mean_act,tC/ha,10.0,QC-MAIN-eac5a52b,,https://zenodo.org/records/15777016
carbon_stock-eac5a52b-6,bgbc,mean_prim,tC/ha,14.0,QC-MAIN-eac5a52b,,https://zenodo.org/records/15777016
carbon_stock-eac5a52b-7,soc,area_ha,ha,58.891155,QC-MAIN-eac5a52b,,https://zenodo.org/records/15777016
carbon_stock-eac5a52b-8,soc,mean_act,tC/ha,97.0,QC-MAIN-eac5a52b,,https://zenodo.org/records/15777016
carbon_stock-eac5a52b-9,soc,mean_prim,tC/ha,97.0,QC-MAIN-eac5a52b,,https://zenodo.org/records/15777016
carbon_stock-eb73fd68-1,agbc,area_ha,ha,59.289818,QC-MAIN-eb73fd68,,https://zenodo.org/records/15777016
carbon_stock-eb73fd68-2,agbc,mean_act,tC/ha,10.0,QC-MAIN-eb73fd68,,https://zenodo.org/records/15777016
carbon_stock-eb73fd68-3,agbc,mean_prim,tC/ha,43.0,QC-MAIN-eb73fd68,,https://zenodo.org/records/15777016
carbon_stock-eb73fd68-4,bgbc,area_ha,ha,59.289818,QC-MAIN-eb73fd68,,https://zenodo.org/records/15777016
carbon_stock-eb73fd68-5,bgbc,mean_act,tC/ha,3.0,QC-MAIN-eb73fd68,,https://zenodo.org/records/15777016
carbon_stock-eb73fd68-6,bgbc,mean_prim,tC/ha,12.0,QC-MAIN-eb73fd68,,https://zenodo.org/records/15777016
carbon_stock-eb73fd68-7,soc,area_ha,ha,59.289818,QC-MAIN-eb73fd68,,https://zenodo.org/records/15777016
carbon_stock-eb73fd68-8,soc,mean_act,tC/ha,79.0,QC-MAIN-eb73fd68,,https://zenodo.org/records/15777016
carbon_stock-eb73fd68-9,soc,mean_prim,tC/ha,89.0,QC-MAIN-eb73fd68,,https://zenodo.org/records/15777016
carbon_stock-f1ff4920-1,agbc,area_ha,ha,57.411972,QC-MAIN-f1ff4920,,https://zenodo.org/records/15777016
carbon_stock-f1ff4920-2,agbc,mean_act,tC/ha,31.0,QC-MAIN-f1ff4920,,https://zenodo.org/records/15777016
carbon_stock-f1ff4920-3,agbc,mean_prim,tC/ha,41.0,QC-MAIN-f1ff4920,,https://zenodo.org/records/15777016
carbon_stock-f1ff4920-4,bgbc,area_ha,ha,57.411972,QC-MAIN-f1ff4920,,https://zenodo.org/records/15777016
carbon_stock-f1ff4920-5,bgbc,mean_act,tC/ha,9.0,QC-MAIN-f1ff4920,,https://zenodo.org/records/15777016
carbon_stock-f1ff4920-6,bgbc,mean_prim,tC/ha,12.0,QC-MAIN-f1ff4920,,https://zenodo.org/records/15777016
carbon_stock-f1ff4920-7,soc,area_ha,ha,57.411972,QC-MAIN-f1ff4920,,https://zenodo.org/records/15777016
carbon_stock-f1ff4920-8,soc,mean_act,tC/ha,91.0,QC-MAIN-f1ff4920,,https://zenodo.org/records/15777016
carbon_stock-f1ff4920-9,soc,mean_prim,tC/ha,91.0,QC-MAIN-f1ff4920,,https://zenodo.org/records/15777016
carbon_stock-f9e41c2a-1,agbc,area_ha,ha,57.365524,QC-MAIN-f9e41c2a,,https://zenodo.org/records/15777016
carbon_stock-f9e41c2a-2,agbc,mean_act,tC/ha,38.0,QC-MAIN-f9e41c2a,,https://zenodo.org/records/15777016
carbon_stock-f9e41c2a-3,agbc,mean_prim,tC/ha,48.0,QC-MAIN-f9e41c2a,,https://zenodo.org/records/15777016
carbon_stock-f9e41c2a-4,bgbc,area_ha,ha,57.365524,QC-MAIN-f9e41c2a,,https://zenodo.org/records/15777016
carbon_stock-f9e41c2a-5,bgbc,mean_act,tC/ha,11.0,QC-MAIN-f9e41c2a,,https://zenodo.org/records/15777016
carbon_stock-f9e41c2a-6,bgbc,mean_prim,tC/ha,14.0,QC-MAIN-f9e41c2a,,https://zenodo.org/records/15777016
carbon_stock-f9e41c2a-7,soc,area_ha,ha,57.365524,QC-MAIN-f9e41c2a,,https://zenodo.org/records/15777016
carbon_stock-f9e41c2a-8,soc,mean_act,tC/ha,87.0,QC-MAIN-f9e41c2a,,https://zenodo.org/records/15777016
carbon_stock-f9e41c2a-9,soc,mean_prim,tC/ha,88.0,QC-MAIN-f9e41c2a,,https://zenodo.org/records/15777016
carbon_stock-0684a5d8-1,agbc,area_ha,ha,45.960384,SK-MAIN-0684a5d8,,https://zenodo.org/records/15777016
carbon_stock-0684a5d8-2,agbc,mean_act,tC/ha,,SK-MAIN-0684a5d8,,https://zenodo.org/records/15777016
carbon_stock-0684a5d8-3,agbc,mean_prim,tC/ha,,SK-MAIN-0684a5d8,,https://zenodo.org/records/15777016
carbon_stock-0684a5d8-4,bgbc,area_ha,ha,45.960384,SK-MAIN-0684a5d8,,https://zenodo.org/records/15777016
carbon_stock-0684a5d8-5,bgbc,mean_act,tC/ha,,SK-MAIN-0684a5d8,,https://zenodo.org/records/15777016
carbon_stock-0684a5d8-6,bgbc,mean_prim,tC/ha,,SK-MAIN-0684a5d8,,https://zenodo.org/records/15777016
carbon_stock-0684a5d8-7,soc,area_ha,ha,45.960384,SK-MAIN-0684a5d8,,https://zenodo.org/records/15777016
carbon_stock-0684a5d8-8,soc,mean_act,tC/ha,,SK-MAIN-0684a5d8,,https://zenodo.org/records/15777016
carbon_stock-0684a5d8-9,soc,mean_prim,tC/ha,,SK-MAIN-0684a5d8,,https://zenodo.org/records/15777016
carbon_stock-22ce14be-1,agbc,area_ha,ha,48.422295,SK-MAIN-22ce14be,GRP-14bfbb82,https://zenodo.org/records/15777016
carbon_stock-22ce14be-2,agbc,mean_act,tC/ha,29.0,SK-MAIN-22ce14be,GRP-14bfbb82,https://zenodo.org/records/15777016
carbon_stock-22ce14be-3,agbc,mean_prim,tC/ha,29.0,SK-MAIN-22ce14be,GRP-14bfbb82,https://zenodo.org/records/15777016
carbon_stock-22ce14be-4,bgbc,area_ha,ha,48.422295,SK-MAIN-22ce14be,GRP-14bfbb82,https://zenodo.org/records/15777016
carbon_stock-22ce14be-5,bgbc,mean_act,tC/ha,7.0,SK-MAIN-22ce14be,GRP-14bfbb82,https://zenodo.org/records/15777016
carbon_stock-22ce14be-6,bgbc,mean_prim,tC/ha,7.0,SK-MAIN-22ce14be,GRP-14bfbb82,https://zenodo.org/records/15777016
carbon_stock-22ce14be-7,soc,area_ha,ha,48.422295,SK-MAIN-22ce14be,GRP-14bfbb82,https://zenodo.org/records/15777016
carbon_stock-22ce14be-8,soc,mean_act,tC/ha,60.0,SK-MAIN-22ce14be,GRP-14bfbb82,https://zenodo.org/records/15777016
carbon_stock-22ce14be-9,soc,mean_prim,tC/ha,61.0,SK-MAIN-22ce14be,GRP-14bfbb82,https://zenodo.org/records/15777016
carbon_stock-26b9aaf3-1,agbc,area_ha,ha,54.601303,SK-MAIN-26b9aaf3,,https://zenodo.org/records/15777016
carbon_stock-26b9aaf3-2,agbc,mean_act,tC/ha,2.0,SK-MAIN-26b9aaf3,,https://zenodo.org/records/15777016
carbon_stock-26b9aaf3-3,agbc,mean_prim,tC/ha,42.0,SK-MAIN-26b9aaf3,,https://zenodo.org/records/15777016
carbon_stock-26b9aaf3-4,bgbc,area_ha,ha,54.601303,SK-MAIN-26b9aaf3,,https://zenodo.org/records/15777016
carbon_stock-26b9aaf3-5,bgbc,mean_act,tC/ha,1.0,SK-MAIN-26b9aaf3,,https://zenodo.org/records/15777016
carbon_stock-26b9aaf3-6,bgbc,mean_prim,tC/ha,11.0,SK-MAIN-26b9aaf3,,https://zenodo.org/records/15777016
carbon_stock-26b9aaf3-7,soc,area_ha,ha,54.601303,SK-MAIN-26b9aaf3,,https://zenodo.org/records/15777016
carbon_stock-26b9aaf3-8,soc,mean_act,tC/ha,60.0,SK-MAIN-26b9aaf3,,https://zenodo.org/records/15777016
carbon_stock-26b9aaf3-9,soc,mean_prim,tC/ha,84.0,SK-MAIN-26b9aaf3,,https://zenodo.org/records/15777016
carbon_stock-29afbdb5-1,agbc,area_ha,ha,48.401665,SK-MAIN-29afbdb5,GRP-14bfbb82,https://zenodo.org/records/15777016
carbon_stock-29afbdb5-2,agbc,mean_act,tC/ha,19.0,SK-MAIN-29afbdb5,GRP-14bfbb82,https://zenodo.org/records/15777016
carbon_stock-29afbdb5-3,agbc,mean_prim,tC/ha,27.0,SK-MAIN-29afbdb5,GRP-14bfbb82,https://zenodo.org/records/15777016
carbon_stock-29afbdb5-4,bgbc,area_ha,ha,48.401665,SK-MAIN-29afbdb5,GRP-14bfbb82,https://zenodo.org/records/15777016
carbon_stock-29afbdb5-5,bgbc,mean_act,tC/ha,5.0,SK-MAIN-29afbdb5,GRP-14bfbb82,https://zenodo.org/records/15777016
carbon_stock-29afbdb5-6,bgbc,mean_prim,tC/ha,7.0,SK-MAIN-29afbdb5,GRP-14bfbb82,https://zenodo.org/records/15777016
carbon_stock-29afbdb5-7,soc,area_ha,ha,48.401665,SK-MAIN-29afbdb5,GRP-14bfbb82,https://zenodo.org/records/15777016
carbon_stock-29afbdb5-8,soc,mean_act,tC/ha,57.0,SK-MAIN-29afbdb5,GRP-14bfbb82,https://zenodo.org/records/15777016
carbon_stock-29afbdb5-9,soc,mean_prim,tC/ha,62.0,SK-MAIN-29afbdb5,GRP-14bfbb82,https://zenodo.org/records/15777016
carbon_stock-3012889c-1,agbc,area_ha,ha,46.02366,SK-MAIN-3012889c,,https://zenodo.org/records/15777016
carbon_stock-3012889c-2,agbc,mean_act,tC/ha,16.0,SK-MAIN-3012889c,,https://zenodo.org/records/15777016
carbon_stock-3012889c-3,agbc,mean_prim,tC/ha,20.0,SK-MAIN-3012889c,,https://zenodo.org/records/15777016
carbon_stock-3012889c-4,bgbc,area_ha,ha,46.02366,SK-MAIN-3012889c,,https://zenodo.org/records/15777016
carbon_stock-3012889c-5,bgbc,mean_act,tC/ha,4.0,SK-MAIN-3012889c,,https://zenodo.org/records/15777016
carbon_stock-3012889c-6,bgbc,mean_prim,tC/ha,5.0,SK-MAIN-3012889c,,https://zenodo.org/records/15777016
carbon_stock-3012889c-7,soc,area_ha,ha,46.02366,SK-MAIN-3012889c,,https://zenodo.org/records/15777016
carbon_stock-3012889c-8,soc,mean_act,tC/ha,62.0,SK-MAIN-3012889c,,https://zenodo.org/records/15777016
carbon_stock-3012889c-9,soc,mean_prim,tC/ha,73.0,SK-MAIN-3012889c,,https://zenodo.org/records/15777016
carbon_stock-4aef3cb2-1,agbc,area_ha,ha,45.060265,SK-MAIN-4aef3cb2,,https://zenodo.org/records/15777016
carbon_stock-4aef3cb2-2,agbc,mean_act,tC/ha,21.0,SK-MAIN-4aef3cb2,,https://zenodo.org/records/15777016
carbon_stock-4aef3cb2-3,agbc,mean_prim,tC/ha,21.0,SK-MAIN-4aef3cb2,,https://zenodo.org/records/15777016
carbon_stock-4aef3cb2-4,bgbc,area_ha,ha,45.060265,SK-MAIN-4aef3cb2,,https://zenodo.org/records/15777016
carbon_stock-4aef3cb2-5,bgbc,mean_act,tC/ha,5.0,SK-MAIN-4aef3cb2,,https://zenodo.org/records/15777016
carbon_stock-4aef3cb2-6,bgbc,mean_prim,tC/ha,5.0,SK-MAIN-4aef3cb2,,https://zenodo.org/records/15777016
carbon_stock-4aef3cb2-7,soc,area_ha,ha,45.060265,SK-MAIN-4aef3cb2,,https://zenodo.org/records/15777016
carbon_stock-4aef3cb2-8,soc,mean_act,tC/ha,71.0,SK-MAIN-4aef3cb2,,https://zenodo.org/records/15777016
carbon_stock-4aef3cb2-9,soc,mean_prim,tC/ha,71.0,SK-MAIN-4aef3cb2,,https://zenodo.org/records/15777016
carbon_stock-60ba74c4-1,agbc,area_ha,ha,45.060265,SK-MAIN-60ba74c4,GRP-91aaa60b,https://zenodo.org/records/15777016
carbon_stock-60ba74c4-2,agbc,mean_act,tC/ha,6.0,SK-MAIN-60ba74c4,GRP-91aaa60b,https://zenodo.org/records/15777016
carbon_stock-60ba74c4-3,agbc,mean_prim,tC/ha,22.0,SK-MAIN-60ba74c4,GRP-91aaa60b,https://zenodo.org/records/15777016
carbon_stock-60ba74c4-4,bgbc,area_ha,ha,45.060265,SK-MAIN-60ba74c4,GRP-91aaa60b,https://zenodo.org/records/15777016
carbon_stock-60ba74c4-5,bgbc,mean_act,tC/ha,2.0,SK-MAIN-60ba74c4,GRP-91aaa60b,https://zenodo.org/records/15777016
carbon_stock-60ba74c4-6,bgbc,mean_prim,tC/ha,5.0,SK-MAIN-60ba74c4,GRP-91aaa60b,https://zenodo.org/records/15777016
carbon_stock-60ba74c4-7,soc,area_ha,ha,45.060265,SK-MAIN-60ba74c4,GRP-91aaa60b,https://zenodo.org/records/15777016
carbon_stock-60ba74c4-8,soc,mean_act,tC/ha,64.0,SK-MAIN-60ba74c4,GRP-91aaa60b,https://zenodo.org/records/15777016
carbon_stock-60ba74c4-9,soc,mean_prim,tC/ha,75.0,SK-MAIN-60ba74c4,GRP-91aaa60b,https://zenodo.org/records/15777016
carbon_stock-7a11ae49-1,agbc,area_ha,ha,49.6626,SK-MAIN-7a11ae49,,https://zenodo.org/records/15777016
carbon_stock-7a11ae49-2,agbc,mean_act,tC/ha,26.0,SK-MAIN-7a11ae49,,https://zenodo.org/records/15777016
carbon_stock-7a11ae49-3,agbc,mean_prim,tC/ha,30.0,SK-MAIN-7a11ae49,,https://zenodo.org/records/15777016
carbon_stock-7a11ae49-4,bgbc,area_ha,ha,49.6626,SK-MAIN-7a11ae49,,https://zenodo.org/records/15777016
carbon_stock-7a11ae49-5,bgbc,mean_act,tC/ha,6.0,SK-MAIN-7a11ae49,,https://zenodo.org/records/15777016
carbon_stock-7a11ae49-6,bgbc,mean_prim,tC/ha,8.0,SK-MAIN-7a11ae49,,https://zenodo.org/records/15777016
carbon_stock-7a11ae49-7,soc,area_ha,ha,49.6626,SK-MAIN-7a11ae49,,https://zenodo.org/records/15777016
carbon_stock-7a11ae49-8,soc,mean_act,tC/ha,77.0,SK-MAIN-7a11ae49,,https://zenodo.org/records/15777016
carbon_stock-7a11ae49-9,soc,mean_prim,tC/ha,86.0,SK-MAIN-7a11ae49,,https://zenodo.org/records/15777016
carbon_stock-91cf5448-1,agbc,area_ha,ha,45.41055,SK-MAIN-91cf5448,GRP-91aaa60b,https://zenodo.org/records/15777016
carbon_stock-91cf5448-2,agbc,mean_act,tC/ha,12.0,SK-MAIN-91cf5448,GRP-91aaa60b,https://zenodo.org/records/15777016
carbon_stock-91cf5448-3,agbc,mean_prim,tC/ha,22.0,SK-MAIN-91cf5448,GRP-91aaa60b,https://zenodo.org/records/15777016
carbon_stock-91cf5448-4,bgbc,area_ha,ha,45.41055,SK-MAIN-91cf5448,GRP-91aaa60b,https://zenodo.org/records/15777016
carbon_stock-91cf5448-5,bgbc,mean_act,tC/ha,3.0,SK-MAIN-91cf5448,GRP-91aaa60b,https://zenodo.org/records/15777016
carbon_stock-91cf5448-6,bgbc,mean_prim,tC/ha,5.0,SK-MAIN-91cf5448,GRP-91aaa60b,https://zenodo.org/records/15777016
carbon_stock-91cf5448-7,soc,area_ha,ha,45.41055,SK-MAIN-91cf5448,GRP-91aaa60b,https://zenodo.org/records/15777016
carbon_stock-91cf5448-8,soc,mean_act,tC/ha,66.0,SK-MAIN-91cf5448,GRP-91aaa60b,https://zenodo.org/records/15777016
carbon_stock-91cf5448-9,soc,mean_prim,tC/ha,74.0,SK-MAIN-91cf5448,GRP-91aaa60b,https://zenodo.org/records/15777016
carbon_stock-95ec2625-1,agbc,area_ha,ha,46.118504,SK-MAIN-95ec2625,,https://zenodo.org/records/15777016
carbon_stock-95ec2625-2,agbc,mean_act,tC/ha,20.0,SK-MAIN-95ec2625,,https://zenodo.org/records/15777016
carbon_stock-95ec2625-3,agbc,mean_prim,tC/ha,20.0,SK-MAIN-95ec2625,,https://zenodo.org/records/15777016
carbon_stock-95ec2625-4,bgbc,area_ha,ha,46.118504,SK-MAIN-95ec2625,,https://zenodo.org/records/15777016
carbon_stock-95ec2625-5,bgbc,mean_act,tC/ha,5.0,SK-MAIN-95ec2625,,https://zenodo.org/records/15777016
carbon_stock-95ec2625-6,bgbc,mean_prim,tC/ha,5.0,SK-MAIN-95ec2625,,https://zenodo.org/records/15777016
carbon_stock-95ec2625-7,soc,area_ha,ha,46.118504,SK-MAIN-95ec2625,,https://zenodo.org/records/15777016
carbon_stock-95ec2625-8,soc,mean_act,tC/ha,71.0,SK-MAIN-95ec2625,,https://zenodo.org/records/15777016
carbon_stock-95ec2625-9,soc,mean_prim,tC/ha,71.0,SK-MAIN-95ec2625,,https://zenodo.org/records/15777016
carbon_stock-9dd2b7f8-1,agbc,area_ha,ha,45.304512,SK-MAIN-9dd2b7f8,,https://zenodo.org/records/15777016
carbon_stock-9dd2b7f8-2,agbc,mean_act,tC/ha,19.0,SK-MAIN-9dd2b7f8,,https://zenodo.org/records/15777016
carbon_stock-9dd2b7f8-3,agbc,mean_prim,tC/ha,19.0,SK-MAIN-9dd2b7f8,,https://zenodo.org/records/15777016
carbon_stock-9dd2b7f8-4,bgbc,area_ha,ha,45.304512,SK-MAIN-9dd2b7f8,,https://zenodo.org/records/15777016
carbon_stock-9dd2b7f8-5,bgbc,mean_act,tC/ha,5.0,SK-MAIN-9dd2b7f8,,https://zenodo.org/records/15777016
carbon_stock-9dd2b7f8-6,bgbc,mean_prim,tC/ha,5.0,SK-MAIN-9dd2b7f8,,https://zenodo.org/records/15777016
carbon_stock-9dd2b7f8-7,soc,area_ha,ha,45.304512,SK-MAIN-9dd2b7f8,,https://zenodo.org/records/15777016
carbon_stock-9dd2b7f8-8,soc,mean_act,tC/ha,81.0,SK-MAIN-9dd2b7f8,,https://zenodo.org/records/15777016
carbon_stock-9dd2b7f8-9,soc,mean_prim,tC/ha,81.0,SK-MAIN-9dd2b7f8,,https://zenodo.org/records/15777016
carbon_stock-bb89158f-1,agbc,area_ha,ha,46.50759,SK-MAIN-bb89158f,GRP-21eee27d,https://zenodo.org/records/15777016
carbon_stock-bb89158f-2,agbc,mean_act,tC/ha,4.0,SK-MAIN-bb89158f,GRP-21eee27d,https://zenodo.org/records/15777016
carbon_stock-bb89158f-3,agbc,mean_prim,tC/ha,24.0,SK-MAIN-bb89158f,GRP-21eee27d,https://zenodo.org/records/15777016
carbon_stock-bb89158f-4,bgbc,area_ha,ha,46.50759,SK-MAIN-bb89158f,GRP-21eee27d,https://zenodo.org/records/15777016
carbon_stock-bb89158f-5,bgbc,mean_act,tC/ha,1.0,SK-MAIN-bb89158f,GRP-21eee27d,https://zenodo.org/records/15777016
carbon_stock-bb89158f-6,bgbc,mean_prim,tC/ha,6.0,SK-MAIN-bb89158f,GRP-21eee27d,https://zenodo.org/records/15777016
carbon_stock-bb89158f-7,soc,area_ha,ha,46.50759,SK-MAIN-bb89158f,GRP-21eee27d,https://zenodo.org/records/15777016
carbon_stock-bb89158f-8,soc,mean_act,tC/ha,84.0,SK-MAIN-bb89158f,GRP-21eee27d,https://zenodo.org/records/15777016
carbon_stock-bb89158f-9,soc,mean_prim,tC/ha,84.0,SK-MAIN-bb89158f,GRP-21eee27d,https://zenodo.org/records/15777016
carbon_stock-d3c471e8-1,agbc,area_ha,ha,45.802048,SK-MAIN-d3c471e8,GRP-21eee27d,https://zenodo.org/records/15777016
carbon_stock-d3c471e8-2,agbc,mean_act,tC/ha,8.0,SK-MAIN-d3c471e8,GRP-21eee27d,https://zenodo.org/records/15777016
carbon_stock-d3c471e8-3,agbc,mean_prim,tC/ha,24.0,SK-MAIN-d3c471e8,GRP-21eee27d,https://zenodo.org/records/15777016
carbon_stock-d3c471e8-4,bgbc,area_ha,ha,45.802048,SK-MAIN-d3c471e8,GRP-21eee27d,https://zenodo.org/records/15777016
carbon_stock-d3c471e8-5,bgbc,mean_act,tC/ha,2.0,SK-MAIN-d3c471e8,GRP-21eee27d,https://zenodo.org/records/15777016
carbon_stock-d3c471e8-6,bgbc,mean_prim,tC/ha,6.0,SK-MAIN-d3c471e8,GRP-21eee27d,https://zenodo.org/records/15777016
carbon_stock-d3c471e8-7,soc,area_ha,ha,45.802048,SK-MAIN-d3c471e8,GRP-21eee27d,https://zenodo.org/records/15777016
carbon_stock-d3c471e8-8,soc,mean_act,tC/ha,70.0,SK-MAIN-d3c471e8,GRP-21eee27d,https://zenodo.org/records/15777016
carbon_stock-d3c471e8-9,soc,mean_prim,tC/ha,74.0,SK-MAIN-d3c471e8,GRP-21eee27d,https://zenodo.org/records/15777016
carbon_stock-d5c9124e-1,agbc,area_ha,ha,52.700184,SK-MAIN-d5c9124e,,https://zenodo.org/records/15777016
carbon_stock-d5c9124e-2,agbc,mean_act,tC/ha,3.0,SK-MAIN-d5c9124e,,https://zenodo.org/records/15777016
carbon_stock-d5c9124e-3,agbc,mean_prim,tC/ha,44.0,SK-MAIN-d5c9124e,,https://zenodo.org/records/15777016
carbon_stock-d5c9124e-4,bgbc,area_ha,ha,52.700184,SK-MAIN-d5c9124e,,https://zenodo.org/records/15777016
carbon_stock-d5c9124e-5,bgbc,mean_act,tC/ha,1.0,SK-MAIN-d5c9124e,,https://zenodo.org/records/15777016
carbon_stock-d5c9124e-6,bgbc,mean_prim,tC/ha,12.0,SK-MAIN-d5c9124e,,https://zenodo.org/records/15777016
carbon_stock-d5c9124e-7,soc,area_ha,ha,52.700184,SK-MAIN-d5c9124e,,https://zenodo.org/records/15777016
carbon_stock-d5c9124e-8,soc,mean_act,tC/ha,41.0,SK-MAIN-d5c9124e,,https://zenodo.org/records/15777016
carbon_stock-d5c9124e-9,soc,mean_prim,tC/ha,95.0,SK-MAIN-d5c9124e,,https://zenodo.org/records/15777016
carbon_stock-de2e2f8e-1,agbc,area_ha,ha,56.090652,SK-MAIN-de2e2f8e,,https://zenodo.org/records/15777016
carbon_stock-de2e2f8e-2,agbc,mean_act,tC/ha,1.0,SK-MAIN-de2e2f8e,,https://zenodo.org/records/15777016
carbon_stock-de2e2f8e-3,agbc,mean_prim,tC/ha,35.0,SK-MAIN-de2e2f8e,,https://zenodo.org/records/15777016
carbon_stock-de2e2f8e-4,bgbc,area_ha,ha,56.090652,SK-MAIN-de2e2f8e,,https://zenodo.org/records/15777016
carbon_stock-de2e2f8e-5,bgbc,mean_act,tC/ha,1.0,SK-MAIN-de2e2f8e,,https://zenodo.org/records/15777016
carbon_stock-de2e2f8e-6,bgbc,mean_prim,tC/ha,11.0,SK-MAIN-de2e2f8e,,https://zenodo.org/records/15777016
carbon_stock-de2e2f8e-7,soc,area_ha,ha,56.090652,SK-MAIN-de2e2f8e,,https://zenodo.org/records/15777016
carbon_stock-de2e2f8e-8,soc,mean_act,tC/ha,48.0,SK-MAIN-de2e2f8e,,https://zenodo.org/records/15777016
carbon_stock-de2e2f8e-9,soc,mean_prim,tC/ha,70.0,SK-MAIN-de2e2f8e,,https://zenodo.org/records/15777016
carbon_stock-fbe28fef-1,agbc,area_ha,ha,53.172146,SK-MAIN-fbe28fef,,https://zenodo.org/records/15777016
carbon_stock-fbe28fef-2,agbc,mean_act,tC/ha,2.0,SK-MAIN-fbe28fef,,https://zenodo.org/records/15777016
carbon_stock-fbe28fef-3,agbc,mean_prim,tC/ha,35.0,SK-MAIN-fbe28fef,,https://zenodo.org/records/15777016
carbon_stock-fbe28fef-4,bgbc,area_ha,ha,53.172146,SK-MAIN-fbe28fef,,https://zenodo.org/records/15777016
carbon_stock-fbe28fef-5,bgbc,mean_act,tC/ha,1.0,SK-MAIN-fbe28fef,,https://zenodo.org/records/15777016
carbon_stock-fbe28fef-6,bgbc,mean_prim,tC/ha,10.0,SK-MAIN-fbe28fef,,https://zenodo.org/records/15777016
carbon_stock-fbe28fef-7,soc,area_ha,ha,53.172146,SK-MAIN-fbe28fef,,https://zenodo.org/records/15777016
carbon_stock-fbe28fef-8,soc,mean_act,tC/ha,47.0,SK-MAIN-fbe28fef,,https://zenodo.org/records/15777016
carbon_stock-fbe28fef-9,soc,mean_prim,tC/ha,95.0,SK-MAIN-fbe28fef,,https://zenodo.org/records/15777016
carbon_stock-03a159d7-1,agbc,area_ha,ha,39.70816,YT-MAIN-03a159d7,,https://zenodo.org/records/15777016
carbon_stock-03a159d7-2,agbc,mean_act,tC/ha,1.0,YT-MAIN-03a159d7,,https://zenodo.org/records/15777016
carbon_stock-03a159d7-3,agbc,mean_prim,tC/ha,17.0,YT-MAIN-03a159d7,,https://zenodo.org/records/15777016
carbon_stock-03a159d7-4,bgbc,area_ha,ha,39.70816,YT-MAIN-03a159d7,,https://zenodo.org/records/15777016
carbon_stock-03a159d7-5,bgbc,mean_act,tC/ha,0.0,YT-MAIN-03a159d7,,https://zenodo.org/records/15777016
carbon_stock-03a159d7-6,bgbc,mean_prim,tC/ha,5.0,YT-MAIN-03a159d7,,https://zenodo.org/records/15777016
carbon_stock-03a159d7-7,soc,area_ha,ha,39.70816,YT-MAIN-03a159d7,,https://zenodo.org/records/15777016
carbon_stock-03a159d7-8,soc,mean_act,tC/ha,92.0,YT-MAIN-03a159d7,,https://zenodo.org/records/15777016
carbon_stock-03a159d7-9,soc,mean_prim,tC/ha,92.0,YT-MAIN-03a159d7,,https://zenodo.org/records/15777016
carbon_stock-1910d1c3-1,agbc,area_ha,ha,41.00882,YT-MAIN-1910d1c3,,https://zenodo.org/records/15777016
carbon_stock-1910d1c3-2,agbc,mean_act,tC/ha,11.0,YT-MAIN-1910d1c3,,https://zenodo.org/records/15777016
carbon_stock-1910d1c3-3,agbc,mean_prim,tC/ha,11.0,YT-MAIN-1910d1c3,,https://zenodo.org/records/15777016
carbon_stock-1910d1c3-4,bgbc,area_ha,ha,41.00882,YT-MAIN-1910d1c3,,https://zenodo.org/records/15777016
carbon_stock-1910d1c3-5,bgbc,mean_act,tC/ha,2.0,YT-MAIN-1910d1c3,,https://zenodo.org/records/15777016
carbon_stock-1910d1c3-6,bgbc,mean_prim,tC/ha,3.0,YT-MAIN-1910d1c3,,https://zenodo.org/records/15777016
carbon_stock-1910d1c3-7,soc,area_ha,ha,41.00882,YT-MAIN-1910d1c3,,https://zenodo.org/records/15777016
carbon_stock-1910d1c3-8,soc,mean_act,tC/ha,48.0,YT-MAIN-1910d1c3,,https://zenodo.org/records/15777016
carbon_stock-1910d1c3-9,soc,mean_prim,tC/ha,63.0,YT-MAIN-1910d1c3,,https://zenodo.org/records/15777016
carbon_stock-2cc9bb06-1,agbc,area_ha,ha,41.00882,YT-MAIN-2cc9bb06,,https://zenodo.org/records/15777016
carbon_stock-2cc9bb06-2,agbc,mean_act,tC/ha,15.0,YT-MAIN-2cc9bb06,,https://zenodo.org/records/15777016
carbon_stock-2cc9bb06-3,agbc,mean_prim,tC/ha,28.0,YT-MAIN-2cc9bb06,,https://zenodo.org/records/15777016
carbon_stock-2cc9bb06-4,bgbc,area_ha,ha,41.00882,YT-MAIN-2cc9bb06,,https://zenodo.org/records/15777016
carbon_stock-2cc9bb06-5,bgbc,mean_act,tC/ha,4.0,YT-MAIN-2cc9bb06,,https://zenodo.org/records/15777016
carbon_stock-2cc9bb06-6,bgbc,mean_prim,tC/ha,7.0,YT-MAIN-2cc9bb06,,https://zenodo.org/records/15777016
carbon_stock-2cc9bb06-7,soc,area_ha,ha,41.00882,YT-MAIN-2cc9bb06,,https://zenodo.org/records/15777016
carbon_stock-2cc9bb06-8,soc,mean_act,tC/ha,79.0,YT-MAIN-2cc9bb06,,https://zenodo.org/records/15777016
carbon_stock-2cc9bb06-9,soc,mean_prim,tC/ha,81.0,YT-MAIN-2cc9bb06,,https://zenodo.org/records/15777016
carbon_stock-44857446-1,agbc,area_ha,ha,37.74658,YT-MAIN-44857446,,https://zenodo.org/records/15777016
carbon_stock-44857446-2,agbc,mean_act,tC/ha,21.0,YT-MAIN-44857446,,https://zenodo.org/records/15777016
carbon_stock-44857446-3,agbc,mean_prim,tC/ha,31.0,YT-MAIN-44857446,,https://zenodo.org/records/15777016
carbon_stock-44857446-4,bgbc,area_ha,ha,37.74658,YT-MAIN-44857446,,https://zenodo.org/records/15777016
carbon_stock-44857446-5,bgbc,mean_act,tC/ha,5.0,YT-MAIN-44857446,,https://zenodo.org/records/15777016
carbon_stock-44857446-6,bgbc,mean_prim,tC/ha,9.0,YT-MAIN-44857446,,https://zenodo.org/records/15777016
carbon_stock-44857446-7,soc,area_ha,ha,37.74658,YT-MAIN-44857446,,https://zenodo.org/records/15777016
carbon_stock-44857446-8,soc,mean_act,tC/ha,98.0,YT-MAIN-44857446,,https://zenodo.org/records/15777016
carbon_stock-44857446-9,soc,mean_prim,tC/ha,98.0,YT-MAIN-44857446,,https://zenodo.org/records/15777016
carbon_stock-5e0d8b48-1,agbc,area_ha,ha,39.342308,YT-MAIN-5e0d8b48,,https://zenodo.org/records/15777016
carbon_stock-5e0d8b48-2,agbc,mean_act,tC/ha,13.0,YT-MAIN-5e0d8b48,,https://zenodo.org/records/15777016
carbon_stock-5e0d8b48-3,agbc,mean_prim,tC/ha,23.0,YT-MAIN-5e0d8b48,,https://zenodo.org/records/15777016
carbon_stock-5e0d8b48-4,bgbc,area_ha,ha,39.342308,YT-MAIN-5e0d8b48,,https://zenodo.org/records/15777016
carbon_stock-5e0d8b48-5,bgbc,mean_act,tC/ha,5.0,YT-MAIN-5e0d8b48,,https://zenodo.org/records/15777016
carbon_stock-5e0d8b48-6,bgbc,mean_prim,tC/ha,7.0,YT-MAIN-5e0d8b48,,https://zenodo.org/records/15777016
carbon_stock-5e0d8b48-7,soc,area_ha,ha,39.342308,YT-MAIN-5e0d8b48,,https://zenodo.org/records/15777016
carbon_stock-5e0d8b48-8,soc,mean_act,tC/ha,107.0,YT-MAIN-5e0d8b48,,https://zenodo.org/records/15777016
carbon_stock-5e0d8b48-9,soc,mean_prim,tC/ha,107.0,YT-MAIN-5e0d8b48,,https://zenodo.org/records/15777016
carbon_stock-68c87980-1,agbc,area_ha,ha,39.91839,YT-MAIN-68c87980,,https://zenodo.org/records/15777016
carbon_stock-68c87980-2,agbc,mean_act,tC/ha,36.0,YT-MAIN-68c87980,,https://zenodo.org/records/15777016
carbon_stock-68c87980-3,agbc,mean_prim,tC/ha,40.0,YT-MAIN-68c87980,,https://zenodo.org/records/15777016
carbon_stock-68c87980-4,bgbc,area_ha,ha,39.91839,YT-MAIN-68c87980,,https://zenodo.org/records/15777016
carbon_stock-68c87980-5,bgbc,mean_act,tC/ha,11.0,YT-MAIN-68c87980,,https://zenodo.org/records/15777016
carbon_stock-68c87980-6,bgbc,mean_prim,tC/ha,11.0,YT-MAIN-68c87980,,https://zenodo.org/records/15777016
carbon_stock-68c87980-7,soc,area_ha,ha,39.91839,YT-MAIN-68c87980,,https://zenodo.org/records/15777016
carbon_stock-68c87980-8,soc,mean_act,tC/ha,98.0,YT-MAIN-68c87980,,https://zenodo.org/records/15777016
carbon_stock-68c87980-9,soc,mean_prim,tC/ha,98.0,YT-MAIN-68c87980,,https://zenodo.org/records/15777016
carbon_stock-70d629b4-1,agbc,area_ha,ha,38.60789,YT-MAIN-70d629b4,,https://zenodo.org/records/15777016
carbon_stock-70d629b4-2,agbc,mean_act,tC/ha,2.0,YT-MAIN-70d629b4,,https://zenodo.org/records/15777016
carbon_stock-70d629b4-3,agbc,mean_prim,tC/ha,5.0,YT-MAIN-70d629b4,,https://zenodo.org/records/15777016
carbon_stock-70d629b4-4,bgbc,area_ha,ha,38.60789,YT-MAIN-70d629b4,,https://zenodo.org/records/15777016
carbon_stock-70d629b4-5,bgbc,mean_act,tC/ha,1.0,YT-MAIN-70d629b4,,https://zenodo.org/records/15777016
carbon_stock-70d629b4-6,bgbc,mean_prim,tC/ha,2.0,YT-MAIN-70d629b4,,https://zenodo.org/records/15777016
carbon_stock-70d629b4-7,soc,area_ha,ha,38.60789,YT-MAIN-70d629b4,,https://zenodo.org/records/15777016
carbon_stock-70d629b4-8,soc,mean_act,tC/ha,101.0,YT-MAIN-70d629b4,,https://zenodo.org/records/15777016
carbon_stock-70d629b4-9,soc,mean_prim,tC/ha,101.0,YT-MAIN-70d629b4,,https://zenodo.org/records/15777016
carbon_stock-73ce66b5-1,agbc,area_ha,ha,40.12831,YT-MAIN-73ce66b5,,https://zenodo.org/records/15777016
carbon_stock-73ce66b5-2,agbc,mean_act,tC/ha,2.0,YT-MAIN-73ce66b5,,https://zenodo.org/records/15777016
carbon_stock-73ce66b5-3,agbc,mean_prim,tC/ha,17.0,YT-MAIN-73ce66b5,,https://zenodo.org/records/15777016
carbon_stock-73ce66b5-4,bgbc,area_ha,ha,40.12831,YT-MAIN-73ce66b5,,https://zenodo.org/records/15777016
carbon_stock-73ce66b5-5,bgbc,mean_act,tC/ha,1.0,YT-MAIN-73ce66b5,,https://zenodo.org/records/15777016
carbon_stock-73ce66b5-6,bgbc,mean_prim,tC/ha,5.0,YT-MAIN-73ce66b5,,https://zenodo.org/records/15777016
carbon_stock-73ce66b5-7,soc,area_ha,ha,40.12831,YT-MAIN-73ce66b5,,https://zenodo.org/records/15777016
carbon_stock-73ce66b5-8,soc,mean_act,tC/ha,106.0,YT-MAIN-73ce66b5,,https://zenodo.org/records/15777016
carbon_stock-73ce66b5-9,soc,mean_prim,tC/ha,106.0,YT-MAIN-73ce66b5,,https://zenodo.org/records/15777016
carbon_stock-752fbcae-1,agbc,area_ha,ha,39.48654,YT-MAIN-752fbcae,,https://zenodo.org/records/15777016
carbon_stock-752fbcae-2,agbc,mean_act,tC/ha,16.0,YT-MAIN-752fbcae,,https://zenodo.org/records/15777016
carbon_stock-752fbcae-3,agbc,mean_prim,tC/ha,35.0,YT-MAIN-752fbcae,,https://zenodo.org/records/15777016
carbon_stock-752fbcae-4,bgbc,area_ha,ha,39.48654,YT-MAIN-752fbcae,,https://zenodo.org/records/15777016
carbon_stock-752fbcae-5,bgbc,mean_act,tC/ha,5.0,YT-MAIN-752fbcae,,https://zenodo.org/records/15777016
carbon_stock-752fbcae-6,bgbc,mean_prim,tC/ha,10.0,YT-MAIN-752fbcae,,https://zenodo.org/records/15777016
carbon_stock-752fbcae-7,soc,area_ha,ha,39.48654,YT-MAIN-752fbcae,,https://zenodo.org/records/15777016
carbon_stock-752fbcae-8,soc,mean_act,tC/ha,97.0,YT-MAIN-752fbcae,,https://zenodo.org/records/15777016
carbon_stock-752fbcae-9,soc,mean_prim,tC/ha,97.0,YT-MAIN-752fbcae,,https://zenodo.org/records/15777016
carbon_stock-956d050a-1,agbc,area_ha,ha,39.874157,YT-MAIN-956d050a,,https://zenodo.org/records/15777016
carbon_stock-956d050a-2,agbc,mean_act,tC/ha,31.0,YT-MAIN-956d050a,,https://zenodo.org/records/15777016
carbon_stock-956d050a-3,agbc,mean_prim,tC/ha,32.0,YT-MAIN-956d050a,,https://zenodo.org/records/15777016
carbon_stock-956d050a-4,bgbc,area_ha,ha,39.874157,YT-MAIN-956d050a,,https://zenodo.org/records/15777016
carbon_stock-956d050a-5,bgbc,mean_act,tC/ha,8.0,YT-MAIN-956d050a,,https://zenodo.org/records/15777016
carbon_stock-956d050a-6,bgbc,mean_prim,tC/ha,9.0,YT-MAIN-956d050a,,https://zenodo.org/records/15777016
carbon_stock-956d050a-7,soc,area_ha,ha,39.874157,YT-MAIN-956d050a,,https://zenodo.org/records/15777016
carbon_stock-956d050a-8,soc,mean_act,tC/ha,94.0,YT-MAIN-956d050a,,https://zenodo.org/records/15777016
carbon_stock-956d050a-9,soc,mean_prim,tC/ha,94.0,YT-MAIN-956d050a,,https://zenodo.org/records/15777016
carbon_stock-c3105f43-1,agbc,area_ha,ha,37.375988,YT-MAIN-c3105f43,,https://zenodo.org/records/15777016
carbon_stock-c3105f43-2,agbc,mean_act,tC/ha,21.0,YT-MAIN-c3105f43,,https://zenodo.org/records/15777016
carbon_stock-c3105f43-3,agbc,mean_prim,tC/ha,22.0,YT-MAIN-c3105f43,,https://zenodo.org/records/15777016
carbon_stock-c3105f43-4,bgbc,area_ha,ha,37.375988,YT-MAIN-c3105f43,,https://zenodo.org/records/15777016
carbon_stock-c3105f43-5,bgbc,mean_act,tC/ha,7.0,YT-MAIN-c3105f43,,https://zenodo.org/records/15777016
carbon_stock-c3105f43-6,bgbc,mean_prim,tC/ha,7.0,YT-MAIN-c3105f43,,https://zenodo.org/records/15777016
carbon_stock-c3105f43-7,soc,area_ha,ha,37.375988,YT-MAIN-c3105f43,,https://zenodo.org/records/15777016
carbon_stock-c3105f43-8,soc,mean_act,tC/ha,81.0,YT-MAIN-c3105f43,,https://zenodo.org/records/15777016
carbon_stock-c3105f43-9,soc,mean_prim,tC/ha,82.0,YT-MAIN-c3105f43,,https://zenodo.org/records/15777016
carbon_stock-ca488f19-1,agbc,area_ha,ha,38.763977,YT-MAIN-ca488f19,,https://zenodo.org/records/15777016
carbon_stock-ca488f19-2,agbc,mean_act,tC/ha,5.0,YT-MAIN-ca488f19,,https://zenodo.org/records/15777016
carbon_stock-ca488f19-3,agbc,mean_prim,tC/ha,5.0,YT-MAIN-ca488f19,,https://zenodo.org/records/15777016
carbon_stock-ca488f19-4,bgbc,area_ha,ha,38.763977,YT-MAIN-ca488f19,,https://zenodo.org/records/15777016
carbon_stock-ca488f19-5,bgbc,mean_act,tC/ha,3.0,YT-MAIN-ca488f19,,https://zenodo.org/records/15777016
carbon_stock-ca488f19-6,bgbc,mean_prim,tC/ha,3.0,YT-MAIN-ca488f19,,https://zenodo.org/records/15777016
carbon_stock-ca488f19-7,soc,area_ha,ha,38.763977,YT-MAIN-ca488f19,,https://zenodo.org/records/15777016
carbon_stock-ca488f19-8,soc,mean_act,tC/ha,95.0,YT-MAIN-ca488f19,,https://zenodo.org/records/15777016
carbon_stock-ca488f19-9,soc,mean_prim,tC/ha,95.0,YT-MAIN-ca488f19,,https://zenodo.org/records/15777016
carbon_stock-e05ed9fe-1,agbc,area_ha,ha,37.600693,YT-MAIN-e05ed9fe,,https://zenodo.org/records/15777016
carbon_stock-e05ed9fe-2,agbc,mean_act,tC/ha,15.0,YT-MAIN-e05ed9fe,,https://zenodo.org/records/15777016
carbon_stock-e05ed9fe-3,agbc,mean_prim,tC/ha,25.0,YT-MAIN-e05ed9fe,,https://zenodo.org/records/15777016
carbon_stock-e05ed9fe-4,bgbc,area_ha,ha,37.600693,YT-MAIN-e05ed9fe,,https://zenodo.org/records/15777016
carbon_stock-e05ed9fe-5,bgbc,mean_act,tC/ha,4.0,YT-MAIN-e05ed9fe,,https://zenodo.org/records/15777016
carbon_stock-e05ed9fe-6,bgbc,mean_prim,tC/ha,8.0,YT-MAIN-e05ed9fe,,https://zenodo.org/records/15777016
carbon_stock-e05ed9fe-7,soc,area_ha,ha,37.600693,YT-MAIN-e05ed9fe,,https://zenodo.org/records/15777016
carbon_stock-e05ed9fe-8,soc,mean_act,tC/ha,64.0,YT-MAIN-e05ed9fe,,https://zenodo.org/records/15777016
carbon_stock-e05ed9fe-9,soc,mean_prim,tC/ha,80.0,YT-MAIN-e05ed9fe,,https://zenodo.org/records/15777016
